--==================
-- Persia
--==================
-- Pairidaeza gets yields for other district types as well
INSERT OR IGNORE INTO Adjacency_YieldChanges
	(ID, Description, YieldType, YieldChange, TilesRequired, AdjacentDistrict)
	VALUES
	('BBG_PAIRIDAEZA_CAMPUSADJACENCY', 'Placeholder', 'YIELD_CULTURE', 1, 1, 'DISTRICT_CAMPUS'),
	('BBG_PAIRIDAEZA_INDUSTRIALADJACENCY', 'Placeholder', 'YIELD_GOLD', 1, 1, 'DISTRICT_INDUSTRIAL_ZONE'),
	('BBG_PAIRIDAEZA_HARBORADJACENCY', 'Placeholder', 'YIELD_GOLD', 1, 1, 'DISTRICT_HARBOR');
INSERT OR IGNORE INTO Improvement_Adjacencies
	(ImprovementType, YieldChangeId)
	VALUES
	('IMPROVEMENT_PAIRIDAEZA', 'BBG_PAIRIDAEZA_CAMPUSADJACENCY'),
	('IMPROVEMENT_PAIRIDAEZA', 'BBG_PAIRIDAEZA_INDUSTRIALADJACENCY'),
	('IMPROVEMENT_PAIRIDAEZA', 'BBG_PAIRIDAEZA_HARBORADJACENCY');
-- internal trades routes scaling

INSERT OR IGNORE INTO RequirementSets
	(RequirementSetId , RequirementSetType)
	VALUES
	('PERSIA_MEDIEVAL_FAIRES_REQUIREMENTS_CPLMOD', 	'REQUIREMENTSET_TEST_ALL'),
	('PERSIA_URBANIZATION_REQUIREMENTS_CPLMOD', 	'REQUIREMENTSET_TEST_ALL'),
	('PERSIA_BANKING_REQUIREMENTS_CPLMOD'   , 		'REQUIREMENTSET_TEST_ALL'),
	('PERSIA_ECONOMICS_REQUIREMENTS_CPLMOD' , 		'REQUIREMENTSET_TEST_ALL');
INSERT OR IGNORE INTO RequirementSetRequirements
	(RequirementSetId , RequirementId)
	VALUES
	('PERSIA_MEDIEVAL_FAIRES_REQUIREMENTS_CPLMOD', 	'PLAYER_HAS_MEDIEVAL_FAIRES_CPLMOD'),
	('PERSIA_URBANIZATION_REQUIREMENTS_CPLMOD', 	'PLAYER_HAS_URBANIZATION_CPLMOD'),
	('PERSIA_BANKING_REQUIREMENTS_CPLMOD'   , 		'PLAYER_HAS_BANKING_CPLMOD'  ),
	('PERSIA_ECONOMICS_REQUIREMENTS_CPLMOD' , 		'PLAYER_HAS_ECONOMICS_CPLMOD');
INSERT OR IGNORE INTO Modifiers
	(ModifierId, ModifierType, SubjectRequirementSetId)
	VALUES
	('TRAIT_SATRAPIES_INTERNAL_TRADE_CULTURE_AT_MEDIEVAL_FAIRES',	'MODIFIER_PLAYER_ADJUST_TRADE_ROUTE_YIELD_FOR_DOMESTIC', 'PERSIA_MEDIEVAL_FAIRES_REQUIREMENTS_CPLMOD'),
	('TRAIT_SATRAPIES_INTERNAL_TRADE_CULTURE_AT_URBANIZATION',		'MODIFIER_PLAYER_ADJUST_TRADE_ROUTE_YIELD_FOR_DOMESTIC', 'PERSIA_URBANIZATION_REQUIREMENTS_CPLMOD'),
	('TRAIT_SATRAPIES_INTERNAL_TRADE_GOLD_AT_BANKING',				'MODIFIER_PLAYER_ADJUST_TRADE_ROUTE_YIELD_FOR_DOMESTIC', 'PERSIA_BANKING_REQUIREMENTS_CPLMOD'),
	('TRAIT_SATRAPIES_INTERNAL_TRADE_GOLD_AT_ECONOMICS',			'MODIFIER_PLAYER_ADJUST_TRADE_ROUTE_YIELD_FOR_DOMESTIC', 'PERSIA_ECONOMICS_REQUIREMENTS_CPLMOD');
INSERT OR IGNORE INTO ModifierArguments
	(ModifierId, Name, Value)
	VALUES
	('TRAIT_SATRAPIES_INTERNAL_TRADE_CULTURE_AT_MEDIEVAL_FAIRES', 	'YieldType', 	'YIELD_CULTURE'),
	('TRAIT_SATRAPIES_INTERNAL_TRADE_CULTURE_AT_MEDIEVAL_FAIRES', 	'Amount', 		'2'),
	('TRAIT_SATRAPIES_INTERNAL_TRADE_CULTURE_AT_URBANIZATION', 		'YieldType', 	'YIELD_CULTURE'),
	('TRAIT_SATRAPIES_INTERNAL_TRADE_CULTURE_AT_URBANIZATION', 		'Amount', 		'2'),
	('TRAIT_SATRAPIES_INTERNAL_TRADE_GOLD_AT_BANKING', 				'YieldType', 	'YIELD_GOLD'),
	('TRAIT_SATRAPIES_INTERNAL_TRADE_GOLD_AT_BANKING', 				'Amount', 		'2'),
	('TRAIT_SATRAPIES_INTERNAL_TRADE_GOLD_AT_ECONOMICS', 			'YieldType', 	'YIELD_GOLD'),
	('TRAIT_SATRAPIES_INTERNAL_TRADE_GOLD_AT_ECONOMICS', 			'Amount', 		'2');
INSERT OR IGNORE INTO TraitModifiers
	(TraitType, ModifierId)
	VALUES
	('TRAIT_CIVILIZATION_SATRAPIES', 'TRAIT_SATRAPIES_INTERNAL_TRADE_CULTURE_AT_MEDIEVAL_FAIRES'),
	('TRAIT_CIVILIZATION_SATRAPIES', 'TRAIT_SATRAPIES_INTERNAL_TRADE_CULTURE_AT_URBANIZATION'),
	('TRAIT_CIVILIZATION_SATRAPIES', 'TRAIT_SATRAPIES_INTERNAL_TRADE_GOLD_AT_BANKING'),
	('TRAIT_CIVILIZATION_SATRAPIES', 'TRAIT_SATRAPIES_INTERNAL_TRADE_GOLD_AT_ECONOMICS');

-- +3 combat when attacking
INSERT OR IGNORE INTO Modifiers
	(ModifierId, ModifierType, SubjectRequirementSetId)
	VALUES
	('TRAIT_FALLBABYLON_COMBAT_BONUS', 'MODIFIER_PLAYER_UNITS_ADJUST_COMBAT_STRENGTH', 'ATTACKING_REQUIREMENT_SET');
INSERT OR IGNORE INTO ModifierArguments
	(ModifierId, Name, Value)
	VALUES
	('TRAIT_FALLBABYLON_COMBAT_BONUS', 'Amount', '3');
INSERT OR IGNORE INTO ModifierStrings
	(ModifierId, Context, Text)
	VALUES
	('TRAIT_FALLBABYLON_COMBAT_BONUS', 'Preview', 'LOC_TRAIT_FALLBABYLON_COMBAT_BONUS_DESCRIPTION');
INSERT OR IGNORE INTO RequirementSets
	(RequirementSetId , RequirementSetType)
	VALUES
	('ATTACKING_REQUIREMENT_SET', 'REQUIREMENTSET_TEST_ALL');
INSERT OR IGNORE INTO RequirementSetRequirements
	(RequirementSetId , RequirementId)
	VALUES
	('ATTACKING_REQUIREMENT_SET', 'PLAYER_IS_ATTACKER_REQUIREMENTS');
INSERT OR IGNORE INTO TraitModifiers
	(TraitType, ModifierId)
	VALUES
	('TRAIT_LEADER_FALL_BABYLON', 'TRAIT_FALLBABYLON_COMBAT_BONUS');
-- Persia surprise war movement bonus nullified
UPDATE ModifierArguments SET Value='0' WHERE ModifierId='TRAIT_FALLBABYLON_SURPRISE_MOVEMENT' and Name='Amount';
-- Immortals to 36 to match swordsman up.
UPDATE Units SET Combat=36 WHERE UnitType='UNIT_PERSIAN_IMMORTAL';