--Introducing Check if plot is a city center, Check for flat grass and plains as there are no checks in BASE
INSERT INTO Requirements(RequirementId, RequirementType) VALUES
    ('BCC_REQUIRES_PLOT_IS_CITY_CENTER' , 'REQUIREMENT_PLOT_DISTRICT_TYPE_MATCHES'),
    ('REQUIRES_PLOT_HAS_GRASS_BCC','REQUIREMENT_PLOT_TERRAIN_TYPE_MATCHES'),
    ('REQUIRES_PLOT_HAS_PLAINS_BCC','REQUIREMENT_PLOT_TERRAIN_TYPE_MATCHES');
INSERT INTO RequirementArguments(RequirementId, Name, Value) VALUES
    ('BCC_REQUIRES_PLOT_IS_CITY_CENTER' , 'DistrictType', 'DISTRICT_CITY_CENTER'),
    ('REQUIRES_PLOT_HAS_GRASS_BCC','TerrainType','TERRAIN_GRASS'),
    ('REQUIRES_PLOT_HAS_PLAINS_BCC','TerrainType','TERRAIN_PLAINS');
--Since we want to make the mod consistent with the civ rule for settiling in reagrds to yields=production/food
--food=max(terrain food+resource extra food+disaster food yield,2) and production = max(terrain food+resource extra food+disaster food yield,1) 
--we need to check for absence of certain resources on the different terrain
--goal bridge the gap between low roll and high roll, without increasing the celling of high roll
INSERT INTO Requirements(RequirementId, RequirementType) VALUES
    ('REQUIRES_PLOT_HAS_NO_DEER_BCC', 'REQUIREMENT_PLOT_RESOURCE_TYPE_MATCHES'),
    ('REQUIRES_PLOT_HAS_NO_STONE_BCC', 'REQUIREMENT_PLOT_RESOURCE_TYPE_MATCHES'),
    ('REQUIRES_PLOT_HAS_NO_RICE_BCC', 'REQUIREMENT_PLOT_RESOURCE_TYPE_MATCHES'),
    ('REQUIRES_PLOT_HAS_NO_CATTLE_BCC', 'REQUIREMENT_PLOT_RESOURCE_TYPE_MATCHES'),
    ('REQUIRES_PLOT_HAS_NO_WHEAT_BCC', 'REQUIREMENT_PLOT_RESOURCE_TYPE_MATCHES'),
    ('REQUIRES_PLOT_HAS_NO_SPICES_BCC', 'REQUIREMENT_PLOT_RESOURCE_TYPE_MATCHES'),
    ('REQUIRES_PLOT_HAS_NO_SUGAR_BCC', 'REQUIREMENT_PLOT_RESOURCE_TYPE_MATCHES'),
    ('REQUIRES_PLOT_HAS_NO_CIRTUS_BCC', 'REQUIREMENT_PLOT_RESOURCE_TYPE_MATCHES'),
    ('REQUIRES_PLOT_HAS_NO_GYPSUM_BCC', 'REQUIREMENT_PLOT_RESOURCE_TYPE_MATCHES'),
	('REQUIRES_PLOT_HAS_NO_FURS_BCC', 'REQUIREMENT_PLOT_RESOURCE_TYPE_MATCHES'),
    ('REQUIRES_PLOT_HAS_NO_IVORY_BCC', 'REQUIREMENT_PLOT_RESOURCE_TYPE_MATCHES'),
    ('REQUIRES_PLOT_HAS_NO_HORSES_BCC', 'REQUIREMENT_PLOT_RESOURCE_TYPE_MATCHES'),
    ('REQUIRES_PLOT_HAS_NO_NITER_BCC', 'REQUIREMENT_PLOT_RESOURCE_TYPE_MATCHES'),
    ('REQUIRES_PLOT_HAS_NO_COAL_BCC', 'REQUIREMENT_PLOT_RESOURCE_TYPE_MATCHES'),
    ('REQUIRES_PLOT_HAS_NO_URANIUM_BCC', 'REQUIREMENT_PLOT_RESOURCE_TYPE_MATCHES'),
	('REQUIRES_PLOT_HAS_NO_FLOODPLAINS_BCC', 'REQUIREMENT_PLOT_FEATURE_TYPE_MATCHES'),
    ('REQUIRES_PLAYER_CANNOT_SEE_HORSES_BCC', 'REQUIREMENT_PLAYER_HAS_RESOURCE_VISIBILITY'),
    ('REQUIRES_PLAYER_CANNOT_SEE_NITER_BCC', 'REQUIREMENT_PLAYER_HAS_RESOURCE_VISIBILITY'),
    ('REQUIRES_PLAYER_CANNOT_SEE_COAL_BCC', 'REQUIREMENT_PLAYER_HAS_RESOURCE_VISIBILITY'),
    ('REQUIRES_PLAYER_CANNOT_SEE_URANIUM_BCC', 'REQUIREMENT_PLAYER_HAS_RESOURCE_VISIBILITY');
	

INSERT INTO RequirementArguments(RequirementId, Name, Value) VALUES
    ('REQUIRES_PLOT_HAS_NO_DEER_BCC', 'ResourceType', 'RESOURCE_DEER'),
    ('REQUIRES_PLOT_HAS_NO_STONE_BCC', 'ResourceType', 'RESOURCE_STONE'),
    ('REQUIRES_PLOT_HAS_NO_RICE_BCC', 'ResourceType', 'RESOURCE_RICE'),
    ('REQUIRES_PLOT_HAS_NO_CATTLE_BCC', 'ResourceType', 'RESOURCE_CATTLE'),
    ('REQUIRES_PLOT_HAS_NO_WHEAT_BCC', 'ResourceType', 'RESOURCE_WHEAT'),
    ('REQUIRES_PLOT_HAS_NO_SPICES_BCC', 'ResourceType', 'RESOURCE_SPICES'),
    ('REQUIRES_PLOT_HAS_NO_SUGAR_BCC', 'ResourceType', 'RESOURCE_SUGAR'),
    ('REQUIRES_PLOT_HAS_NO_CIRTUS_BCC', 'ResourceType', 'RESOURCE_CITRUS'),
    ('REQUIRES_PLOT_HAS_NO_GYPSUM_BCC', 'ResourceType', 'RESOURCE_GYPSUM'),
    ('REQUIRES_PLOT_HAS_NO_IVORY_BCC', 'ResourceType', 'RESOURCE_IVORY'),
	('REQUIRES_PLOT_HAS_NO_FURS_BCC', 'ResourceType', 'RESOURCE_FURS'),
    ('REQUIRES_PLOT_HAS_NO_HORSES_BCC', 'ResourceType', 'RESOURCE_HORSES'),
    ('REQUIRES_PLOT_HAS_NO_NITER_BCC', 'ResourceType', 'RESOURCE_NITER'),
    ('REQUIRES_PLOT_HAS_NO_COAL_BCC', 'ResourceType', 'RESOURCE_COAL'),
    ('REQUIRES_PLOT_HAS_NO_URANIUM_BCC', 'ResourceType', 'RESOURCE_URANIUM'),
	('REQUIRES_PLOT_HAS_NO_FLOODPLAINS_BCC', 'FeatureType', 'FEATURE_FLOODPLAINS'),
    ('REQUIRES_PLAYER_CANNOT_SEE_HORSES_BCC', 'ResourceType', 'RESOURCE_HORSES'),
    ('REQUIRES_PLAYER_CANNOT_SEE_NITER_BCC', 'ResourceType', 'RESOURCE_NITER'),
    ('REQUIRES_PLAYER_CANNOT_SEE_COAL_BCC', 'ResourceType', 'RESOURCE_COAL'),
    ('REQUIRES_PLAYER_CANNOT_SEE_URANIUM_BCC', 'ResourceType', 'RESOURCE_URANIUM');

UPDATE Requirements SET Inverse=1 WHERE RequirementId='REQUIRES_PLOT_HAS_NO_DEER_BCC';
UPDATE Requirements SET Inverse=1 WHERE RequirementId='REQUIRES_PLOT_HAS_NO_STONE_BCC';
UPDATE Requirements SET Inverse=1 WHERE RequirementId='REQUIRES_PLOT_HAS_NO_RICE_BCC';
UPDATE Requirements SET Inverse=1 WHERE RequirementId='REQUIRES_PLOT_HAS_NO_CATTLE_BCC';
UPDATE Requirements SET Inverse=1 WHERE RequirementId='REQUIRES_PLOT_HAS_NO_WHEAT_BCC';
UPDATE Requirements SET Inverse=1 WHERE RequirementId='REQUIRES_PLOT_HAS_NO_SPICES_BCC';
UPDATE Requirements SET Inverse=1 WHERE RequirementId='REQUIRES_PLOT_HAS_NO_SUGAR_BCC';
UPDATE Requirements SET Inverse=1 WHERE RequirementId='REQUIRES_PLOT_HAS_NO_CIRTUS_BCC';
UPDATE Requirements SET Inverse=1 WHERE RequirementId='REQUIRES_PLOT_HAS_NO_GYPSUM_BCC';
UPDATE Requirements SET Inverse=1 WHERE RequirementId='REQUIRES_PLOT_HAS_NO_IVORY_BCC';
UPDATE Requirements SET Inverse=1 WHERE RequirementId='REQUIRES_PLOT_HAS_NO_FURS_BCC';
UPDATE Requirements SET Inverse=1 WHERE RequirementId='REQUIRES_PLOT_HAS_NO_HORSES_BCC';
UPDATE Requirements SET Inverse=1 WHERE RequirementId='REQUIRES_PLOT_HAS_NO_NITER_BCC';
UPDATE Requirements SET Inverse=1 WHERE RequirementId='REQUIRES_PLOT_HAS_NO_COAL_BCC';
UPDATE Requirements SET Inverse=1 WHERE RequirementId='REQUIRES_PLOT_HAS_NO_URANIUM_BCC';
UPDATE Requirements SET Inverse=1 WHERE RequirementId='REQUIRES_PLOT_HAS_NO_FLOODPLAINS_BCC';
UPDATE Requirements SET Inverse=1 WHERE RequirementId='REQUIRES_PLAYER_CANNOT_SEE_HORSES_BCC';
UPDATE Requirements SET Inverse=1 WHERE RequirementId='REQUIRES_PLAYER_CANNOT_SEE_NITER_BCC';
UPDATE Requirements SET Inverse=1 WHERE RequirementId='REQUIRES_PLAYER_CANNOT_SEE_COAL_BCC';
UPDATE Requirements SET Inverse=1 WHERE RequirementId='REQUIRES_PLAYER_CANNOT_SEE_URANIUM_BCC';

INSERT INTO RequirementSets(RequirementSetId, RequirementSetType) VALUES
    ('BCC_HORSES_REQUIREMENTSET','REQUIREMENTSET_TEST_ANY'),
    ('BCC_NITER_REQUIREMENTSET','REQUIREMENTSET_TEST_ANY'),
    ('BCC_COAL_REQUIREMENTSET','REQUIREMENTSET_TEST_ANY'),
    ('BCC_URANIUM_REQUIREMENTSET','REQUIREMENTSET_TEST_ANY'),
    ('BCC_WHEAT_DESERT_FLODPLAINS_REQUIREMENTSET', 'REQUIREMENTSET_TEST_ALL'),
    ('BCC_NITER_DESERT_FLODPLAINS_REQUIREMENTSET', 'REQUIREMENTSET_TEST_ALL');

INSERT INTO Requirements(RequirementId, RequirementType) VALUES
    ('REQUIRES_HORSES_SC_BCC', 'REQUIREMENT_REQUIREMENTSET_IS_MET'),
    ('REQUIRES_NITER_SC_BCC', 'REQUIREMENT_REQUIREMENTSET_IS_MET'),
    ('REQUIRES_COAL_SC_BCC', 'REQUIREMENT_REQUIREMENTSET_IS_MET'),
    ('REQUIRES_URANIUM_SC_BCC', 'REQUIREMENT_REQUIREMENTSET_IS_MET'),
    ('REQUIRES_WHEAT_DESERT_FLODPLAINS_SC_BCC', 'REQUIREMENT_REQUIREMENTSET_IS_MET'),
    ('REQUIRES_NITER_DESERT_FLODPLAINS_SC_BCC', 'REQUIREMENT_REQUIREMENTSET_IS_MET');

INSERT INTO RequirementSetRequirements(RequirementSetId, RequirementId) VALUES
    ('BCC_HORSES_REQUIREMENTSET', 'REQUIRES_PLAYER_CANNOT_SEE_HORSES_BCC'),
    ('BCC_HORSES_REQUIREMENTSET', 'REQUIRES_PLOT_HAS_NO_HORSES_BCC'),
    ('BCC_NITER_REQUIREMENTSET', 'REQUIRES_PLAYER_CANNOT_SEE_NITER_BCC'),
    ('BCC_NITER_REQUIREMENTSET', 'REQUIRES_PLOT_HAS_NO_NITER_BCC'),
    ('BCC_COAL_REQUIREMENTSET', 'REQUIRES_PLAYER_CANNOT_SEE_COAL_BCC'),
    ('BCC_COAL_REQUIREMENTSET', 'REQUIRES_PLOT_HAS_NO_COAL_BCC'),
    ('BCC_URANIUM_REQUIREMENTSET', 'REQUIRES_PLAYER_CANNOT_SEE_URANIUM_BCC'),
    ('BCC_URANIUM_REQUIREMENTSET', 'REQUIRES_PLOT_HAS_NO_URANIUM_BCC'),
    ('BCC_WHEAT_DESERT_FLODPLAINS_REQUIREMENTSET', 'REQUIRES_PLOT_HAS_NO_FLOODPLAINS_BCC'),
    ('BCC_WHEAT_DESERT_FLODPLAINS_REQUIREMENTSET', 'REQUIRES_PLOT_HAS_NO_WHEAT_BCC'),
    ('BCC_NITER_DESERT_FLODPLAINS_REQUIREMENTSET', 'REQUIRES_PLOT_HAS_NO_FLOODPLAINS_BCC'),
    ('BCC_NITER_DESERT_FLODPLAINS_REQUIREMENTSET', 'REQUIRES_NITER_SC_BCC');

INSERT INTO RequirementArguments(RequirementId, Name, Value) VALUES
    ('REQUIRES_HORSES_SC_BCC', 'RequirementSetId', 'BCC_HORSES_REQUIREMENTSET'),
    ('REQUIRES_NITER_SC_BCC', 'RequirementSetId', 'BCC_NITER_REQUIREMENTSET'),
    ('REQUIRES_COAL_SC_BCC', 'RequirementSetId', 'BCC_COAL_REQUIREMENTSET'),
    ('REQUIRES_URANIUM_SC_BCC', 'RequirementSetId', 'BCC_URANIUM_REQUIREMENTSET'),
    ('REQUIRES_WHEAT_DESERT_FLODPLAINS_SC_BCC', 'RequirementSetId', 'BCC_WHEAT_DESERT_FLODPLAINS_REQUIREMENTSET'),
    ('REQUIRES_NITER_DESERT_FLODPLAINS_SC_BCC', 'RequirementSetId', 'BCC_NITER_DESERT_FLODPLAINS_REQUIREMENTSET');

INSERT INTO RequirementSets(RequirementSetId, RequirementSetType) VALUES
    ('BCC_PLOT_IS_GRASSLAND_CITY_REQUIREMENT', 'REQUIREMENTSET_TEST_ALL'),
    ('BCC_PLOT_IS_GRASSLAND_HILLS_CITY_REQUIREMENT', 'REQUIREMENTSET_TEST_ALL'),
    ('BCC_PLOT_IS_TUNDRA_CITY_REQUIREMENT', 'REQUIREMENTSET_TEST_ALL'),
    ('BCC_PLOT_IS_TUNDRA_HILLS_CITY_REQUIREMENT', 'REQUIREMENTSET_TEST_ALL'),
    ('BCC_PLOT_IS_DESERT_CITY_REQUIREMENT', 'REQUIREMENTSET_TEST_ALL'),
    ('BCC_PLOT_IS_DESERT_HILLS_CITY_REQUIREMENT', 'REQUIREMENTSET_TEST_ALL'),
    ('BCC_PLOT_IS_SNOW_CITY_REQUIREMENT', 'REQUIREMENTSET_TEST_ALL'),
    ('BCC_PLOT_IS_SNOW_HILLS_CITY_REQUIREMENT', 'REQUIREMENTSET_TEST_ALL'),
    ('BCC_PLOT_IS_PLAINS_CITY_REQUIREMENT', 'REQUIREMENTSET_TEST_ALL');

INSERT INTO RequirementSetRequirements(RequirementSetId, RequirementId) VALUES
    ('BCC_PLOT_IS_GRASSLAND_CITY_REQUIREMENT', 'BCC_REQUIRES_PLOT_IS_CITY_CENTER'),
    ('BCC_PLOT_IS_GRASSLAND_CITY_REQUIREMENT', 'REQUIRES_PLOT_HAS_GRASS_BCC'),
    ('BCC_PLOT_IS_GRASSLAND_CITY_REQUIREMENT', 'REQUIRES_PLOT_HAS_NO_RICE_BCC'),
    ('BCC_PLOT_IS_GRASSLAND_CITY_REQUIREMENT', 'REQUIRES_PLOT_HAS_NO_CATTLE_BCC'),
    ('BCC_PLOT_IS_GRASSLAND_CITY_REQUIREMENT', 'REQUIRES_PLOT_HAS_NO_SUGAR_BCC'),
    ('BCC_PLOT_IS_GRASSLAND_CITY_REQUIREMENT', 'REQUIRES_PLOT_HAS_NO_CIRTUS_BCC'),
    ('BCC_PLOT_IS_GRASSLAND_CITY_REQUIREMENT', 'REQUIRES_PLOT_HAS_NO_SPICES_BCC'),
    ('BCC_PLOT_IS_GRASSLAND_CITY_REQUIREMENT', 'REQUIRES_PLOT_HAS_NO_FURS_BCC'),
    ('BCC_PLOT_IS_GRASSLAND_CITY_REQUIREMENT', 'REQUIRES_HORSES_SC_BCC'),
    ('BCC_PLOT_IS_GRASSLAND_CITY_REQUIREMENT', 'REQUIRES_NITER_SC_BCC'),
    ('BCC_PLOT_IS_PLAINS_CITY_REQUIREMENT', 'BCC_REQUIRES_PLOT_IS_CITY_CENTER'),
    ('BCC_PLOT_IS_PLAINS_CITY_REQUIREMENT', 'REQUIRES_PLOT_HAS_PLAINS_BCC'),
    ('BCC_PLOT_IS_PLAINS_CITY_REQUIREMENT', 'REQUIRES_PLOT_HAS_NO_SUGAR_BCC'),
    ('BCC_PLOT_IS_PLAINS_CITY_REQUIREMENT', 'REQUIRES_PLOT_HAS_NO_SPICES_BCC'),
    ('BCC_PLOT_IS_PLAINS_CITY_REQUIREMENT', 'REQUIRES_PLOT_HAS_NO_CIRTUS_BCC'),
    ('BCC_PLOT_IS_TUNDRA_CITY_REQUIREMENT', 'BCC_REQUIRES_PLOT_IS_CITY_CENTER'),
    ('BCC_PLOT_IS_TUNDRA_CITY_REQUIREMENT', 'REQUIRES_PLOT_HAS_TUNDRA'),
    ('BCC_PLOT_IS_TUNDRA_CITY_REQUIREMENT', 'REQUIRES_PLOT_HAS_NO_SPICES_BCC'),
    ('BCC_PLOT_IS_DESERT_CITY_REQUIREMENT', 'BCC_REQUIRES_PLOT_IS_CITY_CENTER'),
    ('BCC_PLOT_IS_DESERT_CITY_REQUIREMENT', 'REQUIRES_PLOT_HAS_DESERT'),
    ('BCC_PLOT_IS_DESERT_CITY_REQUIREMENT', 'REQUIRES_PLOT_HAS_NO_SUGAR_BCC'),
    ('BCC_PLOT_IS_DESERT_CITY_REQUIREMENT', 'REQUIRES_WHEAT_DESERT_FLODPLAINS_SC_BCC'),
    ('BCC_PLOT_IS_DESERT_CITY_REQUIREMENT', 'REQUIRES_NITER_DESERT_FLODPLAINS_SC_BCC'),
	('BCC_PLOT_IS_SNOW_CITY_REQUIREMENT', 'BCC_REQUIRES_PLOT_IS_CITY_CENTER'),
    ('BCC_PLOT_IS_SNOW_CITY_REQUIREMENT', 'REQUIRES_PLOT_HAS_SNOW'),
    ('BCC_PLOT_IS_GRASSLAND_HILLS_CITY_REQUIREMENT', 'BCC_REQUIRES_PLOT_IS_CITY_CENTER'),
    ('BCC_PLOT_IS_GRASSLAND_HILLS_CITY_REQUIREMENT', 'PLOT_IS_GRASS_HILLS_TERRAIN_REQUIREMENT'),
    ('BCC_PLOT_IS_GRASSLAND_HILLS_CITY_REQUIREMENT', 'REQUIRES_PLOT_HAS_NO_DEER_BCC'),
    ('BCC_PLOT_IS_GRASSLAND_HILLS_CITY_REQUIREMENT', 'REQUIRES_PLOT_HAS_NO_STONE_BCC'),
    ('BCC_PLOT_IS_GRASSLAND_HILLS_CITY_REQUIREMENT', 'REQUIRES_PLOT_HAS_NO_IVORY_BCC'),
    ('BCC_PLOT_IS_GRASSLAND_HILLS_CITY_REQUIREMENT', 'REQUIRES_COAL_SC_BCC'),
    ('BCC_PLOT_IS_GRASSLAND_HILLS_CITY_REQUIREMENT', 'REQUIRES_URANIUM_SC_BCC'),
    ('BCC_PLOT_IS_DESERT_HILLS_CITY_REQUIREMENT', 'BCC_REQUIRES_PLOT_IS_CITY_CENTER'),
    ('BCC_PLOT_IS_DESERT_HILLS_CITY_REQUIREMENT', 'REQUIRES_PLOT_HAS_DESERT_HILLS'),
    ('BCC_PLOT_IS_DESERT_HILLS_CITY_REQUIREMENT', 'REQUIRES_PLOT_HAS_NO_GYPSUM_BCC'),
    ('BCC_PLOT_IS_DESERT_HILLS_CITY_REQUIREMENT', 'REQUIRES_URANIUM_SC_BCC'),
    ('BCC_PLOT_IS_TUNDRA_HILLS_CITY_REQUIREMENT', 'BCC_REQUIRES_PLOT_IS_CITY_CENTER'),
    ('BCC_PLOT_IS_TUNDRA_HILLS_CITY_REQUIREMENT', 'REQUIRES_PLOT_HAS_TUNDRA_HILLS'),
    ('BCC_PLOT_IS_TUNDRA_HILLS_CITY_REQUIREMENT', 'REQUIRES_PLOT_HAS_NO_GYPSUM_BCC'),
    ('BCC_PLOT_IS_TUNDRA_HILLS_CITY_REQUIREMENT', 'REQUIRES_PLOT_HAS_NO_IVORY_BCC'),
    ('BCC_PLOT_IS_TUNDRA_HILLS_CITY_REQUIREMENT', 'REQUIRES_PLOT_HAS_NO_DEER_BCC'),
    ('BCC_PLOT_IS_TUNDRA_HILLS_CITY_REQUIREMENT', 'REQUIRES_COAL_SC_BCC'),
    ('BCC_PLOT_IS_TUNDRA_HILLS_CITY_REQUIREMENT', 'REQUIRES_URANIUM_SC_BCC'),
    ('BCC_PLOT_IS_SNOW_HILLS_CITY_REQUIREMENT', 'BCC_REQUIRES_PLOT_IS_CITY_CENTER'),
    ('BCC_PLOT_IS_SNOW_HILLS_CITY_REQUIREMENT', 'PLOT_IS_SNOW_HILLS_TERRAIN_REQUIREMENT'),
    ('BCC_PLOT_IS_SNOW_HILLS_CITY_REQUIREMENT', 'REQUIRES_COAL_SC_BCC'),
    ('BCC_PLOT_IS_SNOW_HILLS_CITY_REQUIREMENT', 'REQUIRES_URANIUM_SC_BCC');

--CREATING EXTRA YIELDS Modifiers for all besides Plains Hills
INSERT INTO Modifiers(ModifierId, ModifierType, SubjectRequirementSetId) VALUES
    ('BCC_GRASS_CITY_EXTRA_FOOD', 'MODIFIER_PLAYER_ADJUST_PLOT_YIELD', 'BCC_PLOT_IS_GRASSLAND_CITY_REQUIREMENT'),
    ('BCC_GRASS_HILLS_CITY_EXTRA_PRODUCTION', 'MODIFIER_PLAYER_ADJUST_PLOT_YIELD', 'BCC_PLOT_IS_GRASSLAND_HILLS_CITY_REQUIREMENT'),
    ('BCC_PLAINS_CITY_EXTRA_FOOD', 'MODIFIER_PLAYER_ADJUST_PLOT_YIELD', 'BCC_PLOT_IS_PLAINS_CITY_REQUIREMENT'),
    ('BCC_DESERT_CITY_EXTRA_FOOD', 'MODIFIER_PLAYER_ADJUST_PLOT_YIELD', 'BCC_PLOT_IS_DESERT_CITY_REQUIREMENT'), 
    ('BCC_DESERT_HILLS_CITY_EXTRA_PRODUCTION', 'MODIFIER_PLAYER_ADJUST_PLOT_YIELD', 'BCC_PLOT_IS_DESERT_HILLS_CITY_REQUIREMENT'),   
    ('BCC_TUNDRA_CITY_EXTRA_FOOD', 'MODIFIER_PLAYER_ADJUST_PLOT_YIELD', 'BCC_PLOT_IS_TUNDRA_CITY_REQUIREMENT'), 
    ('BCC_TUNDRA_HILLS_CITY_EXTRA_PRODUCTION', 'MODIFIER_PLAYER_ADJUST_PLOT_YIELD', 'BCC_PLOT_IS_TUNDRA_HILLS_CITY_REQUIREMENT'),   
    ('BCC_SNOW_CITY_EXTRA_FOOD', 'MODIFIER_PLAYER_ADJUST_PLOT_YIELD', 'BCC_PLOT_IS_SNOW_CITY_REQUIREMENT'), 
    ('BCC_SNOW_HILLS_CITY_EXTRA_PRODUCTION', 'MODIFIER_PLAYER_ADJUST_PLOT_YIELD', 'BCC_PLOT_IS_SNOW_HILLS_CITY_REQUIREMENT');
--Adjusting Modifier Arguments
INSERT INTO ModifierArguments(ModifierId, Name, Value) VALUES
    ('BCC_GRASS_CITY_EXTRA_FOOD', 'YieldType', 'YIELD_FOOD'),
    ('BCC_GRASS_CITY_EXTRA_FOOD', 'Amount', '1'),
    ('BCC_PLAINS_CITY_EXTRA_FOOD', 'YieldType', 'YIELD_FOOD'),
    ('BCC_PLAINS_CITY_EXTRA_FOOD', 'Amount', '1'),
    ('BCC_DESERT_CITY_EXTRA_FOOD', 'YieldType', 'YIELD_FOOD'),
    ('BCC_DESERT_CITY_EXTRA_FOOD', 'Amount', '1'),
    ('BCC_TUNDRA_CITY_EXTRA_FOOD', 'YieldType', 'YIELD_FOOD'),
    ('BCC_TUNDRA_CITY_EXTRA_FOOD', 'Amount', '1'),
    ('BCC_SNOW_CITY_EXTRA_FOOD', 'YieldType', 'YIELD_FOOD'),
    ('BCC_SNOW_CITY_EXTRA_FOOD', 'Amount', '1'),
    ('BCC_GRASS_HILLS_CITY_EXTRA_PRODUCTION', 'YieldType', 'YIELD_PRODUCTION'),
    ('BCC_GRASS_HILLS_CITY_EXTRA_PRODUCTION', 'Amount', '1'),
    ('BCC_DESERT_HILLS_CITY_EXTRA_PRODUCTION', 'YieldType', 'YIELD_PRODUCTION'),
    ('BCC_DESERT_HILLS_CITY_EXTRA_PRODUCTION', 'Amount', '1'),
    ('BCC_TUNDRA_HILLS_CITY_EXTRA_PRODUCTION', 'YieldType', 'YIELD_PRODUCTION'),
    ('BCC_TUNDRA_HILLS_CITY_EXTRA_PRODUCTION', 'Amount', '1'),
    ('BCC_SNOW_HILLS_CITY_EXTRA_PRODUCTION', 'YieldType', 'YIELD_PRODUCTION'),
    ('BCC_SNOW_HILLS_CITY_EXTRA_PRODUCTION', 'Amount', '1');

INSERT INTO TraitModifiers(TraitType, ModifierId) VALUES
    ('TRAIT_LEADER_MAJOR_CIV', 'BCC_GRASS_CITY_EXTRA_FOOD'),
    ('TRAIT_LEADER_MAJOR_CIV', 'BCC_GRASS_HILLS_CITY_EXTRA_PRODUCTION'),
    ('TRAIT_LEADER_MAJOR_CIV', 'BCC_PLAINS_CITY_EXTRA_FOOD'),
    ('TRAIT_LEADER_MAJOR_CIV', 'BCC_DESERT_CITY_EXTRA_FOOD'),
    ('TRAIT_LEADER_MAJOR_CIV', 'BCC_DESERT_HILLS_CITY_EXTRA_PRODUCTION'),
    ('TRAIT_LEADER_MAJOR_CIV', 'BCC_TUNDRA_CITY_EXTRA_FOOD'),
    ('TRAIT_LEADER_MAJOR_CIV', 'BCC_TUNDRA_HILLS_CITY_EXTRA_PRODUCTION'),
    ('TRAIT_LEADER_MAJOR_CIV', 'BCC_SNOW_CITY_EXTRA_FOOD'),
    ('TRAIT_LEADER_MAJOR_CIV', 'BCC_SNOW_HILLS_CITY_EXTRA_PRODUCTION'),
    ('MINOR_CIV_DEFAULT_TRAIT', 'BCC_GRASS_CITY_EXTRA_FOOD'),
    ('MINOR_CIV_DEFAULT_TRAIT', 'BCC_GRASS_HILLS_CITY_EXTRA_PRODUCTION'),
    ('MINOR_CIV_DEFAULT_TRAIT', 'BCC_PLAINS_CITY_EXTRA_FOOD'),
    ('MINOR_CIV_DEFAULT_TRAIT', 'BCC_DESERT_CITY_EXTRA_FOOD'),
    ('MINOR_CIV_DEFAULT_TRAIT', 'BCC_DESERT_HILLS_CITY_EXTRA_PRODUCTION'),
    ('MINOR_CIV_DEFAULT_TRAIT', 'BCC_TUNDRA_CITY_EXTRA_FOOD'),
    ('MINOR_CIV_DEFAULT_TRAIT', 'BCC_TUNDRA_HILLS_CITY_EXTRA_PRODUCTION'),
    ('MINOR_CIV_DEFAULT_TRAIT', 'BCC_SNOW_CITY_EXTRA_FOOD'),
    ('MINOR_CIV_DEFAULT_TRAIT', 'BCC_SNOW_HILLS_CITY_EXTRA_PRODUCTION');