INSERT OR IGNORE INTO RequirementSetRequirements(RequirementSetId, RequirementId)
	SELECT 'REQSET_PLOT_IS_GRASSLAND_CITY_BBCC', 'REQ_HAS_NO_'||BBCC.ResourceType||'_BBCC'
	FROM BBCC WHERE ResourceClassType<>'RESOURCECLASS_STRATEGIC' AND TerrainType='TERRAIN_GRASS';

INSERT OR IGNORE INTO RequirementSetRequirements(RequirementSetId, RequirementId)
	SELECT 'REQSET_PLOT_IS_GRASSLAND_CITY_BBCC', 'REQ_HAS_NO_OR_SEES_NO_'||BBCC.ResourceType||'_BBCC'
	FROM BBCC WHERE ResourceClassType='RESOURCECLASS_STRATEGIC' AND TerrainType='TERRAIN_GRASS';

INSERT OR IGNORE INTO RequirementSetRequirements(RequirementSetId, RequirementId)
	SELECT 'REQSET_PLOT_IS_GRASSLAND_HILLS_CITY_BBCC', 'REQ_HAS_NO_'||BBCC.ResourceType||'_BBCC'
	FROM BBCC WHERE ResourceClassType<>'RESOURCECLASS_STRATEGIC' AND TerrainType='TERRAIN_GRASS_HILLS';

INSERT OR IGNORE INTO RequirementSetRequirements(RequirementSetId, RequirementId)
	SELECT 'REQSET_PLOT_IS_GRASSLAND_HILLS_CITY_BBCC', 'REQ_HAS_NO_OR_SEES_NO_'||BBCC.ResourceType||'_BBCC'
	FROM BBCC WHERE ResourceClassType='RESOURCECLASS_STRATEGIC' AND TerrainType='TERRAIN_GRASS_HILLS';

INSERT OR IGNORE INTO RequirementSetRequirements(RequirementSetId, RequirementId)
	SELECT 'REQSET_PLOT_IS_PLAINS_CITY_BBCC', 'REQ_HAS_NO_'||BBCC.ResourceType||'_BBCC'
	FROM BBCC WHERE ResourceClassType<>'RESOURCECLASS_STRATEGIC' AND TerrainType='TERRAIN_PLAINS';

INSERT OR IGNORE INTO RequirementSetRequirements(RequirementSetId, RequirementId)
	SELECT 'REQSET_PLOT_IS_PLAINS_CITY_BBCC', 'REQ_HAS_NO_OR_SEES_NO_'||BBCC.ResourceType||'_BBCC'
	FROM BBCC WHERE ResourceClassType='RESOURCECLASS_STRATEGIC' AND TerrainType='TERRAIN_PLAINS';

INSERT INTO Modifiers(ModifierId, ModifierType, SubjectRequirementSetId) VALUES
    ('BCC_GRASS_CITY_EXTRA_FOOD', 'MODIFIER_PLAYER_ADJUST_PLOT_YIELD', 'REQSET_PLOT_IS_GRASSLAND_CITY_BBCC'),
    ('BCC_GRASS_HILLS_CITY_EXTRA_PRODUCTION', 'MODIFIER_PLAYER_ADJUST_PLOT_YIELD', 'REQSET_PLOT_IS_GRASSLAND_HILLS_CITY_BBCC'),
    ('BCC_PLAINS_CITY_EXTRA_FOOD', 'MODIFIER_PLAYER_ADJUST_PLOT_YIELD', 'REQSET_PLOT_IS_PLAINS_CITY_BBCC');

INSERT INTO ModifierArguments(ModifierId, Name, Value) VALUES
    ('BCC_GRASS_CITY_EXTRA_FOOD', 'YieldType', 'YIELD_FOOD'),
    ('BCC_GRASS_CITY_EXTRA_FOOD', 'Amount', '1'),
    ('BCC_PLAINS_CITY_EXTRA_FOOD', 'YieldType', 'YIELD_FOOD'),
    ('BCC_PLAINS_CITY_EXTRA_FOOD', 'Amount', '1'),
    ('BCC_GRASS_HILLS_CITY_EXTRA_PRODUCTION', 'YieldType', 'YIELD_PRODUCTION'),
    ('BCC_GRASS_HILLS_CITY_EXTRA_PRODUCTION', 'Amount', '1');

INSERT INTO TraitModifiers(TraitType, ModifierId) VALUES
    ('TRAIT_LEADER_MAJOR_CIV', 'BCC_GRASS_CITY_EXTRA_FOOD'),
    ('TRAIT_LEADER_MAJOR_CIV', 'BCC_GRASS_HILLS_CITY_EXTRA_PRODUCTION'),
    ('TRAIT_LEADER_MAJOR_CIV', 'BCC_PLAINS_CITY_EXTRA_FOOD'),
    ('MINOR_CIV_DEFAULT_TRAIT', 'BCC_GRASS_CITY_EXTRA_FOOD'),
    ('MINOR_CIV_DEFAULT_TRAIT', 'BCC_GRASS_HILLS_CITY_EXTRA_PRODUCTION'),
    ('MINOR_CIV_DEFAULT_TRAIT', 'BCC_PLAINS_CITY_EXTRA_FOOD');

DROP TABLE BBCC;
