INSERT INTO Requirements(RequirementId, RequirementType, Inverse) VALUES
    ('REQUIRES_PLOT_HAS_NO_GRANITE_BCC', 'REQUIREMENT_PLOT_RESOURCE_TYPE_MATCHES', '1'),
    ('REQUIRES_PLOT_HAS_NO_LEAD_BCC', 'REQUIREMENT_PLOT_RESOURCE_TYPE_MATCHES', '1'),
    ('REQUIRES_PLOT_HAS_NO_OAK_BCC', 'REQUIREMENT_PLOT_RESOURCE_TYPE_MATCHES', '1'),
    ('REQUIRES_PLOT_HAS_NO_LIMESTONE_BCC', 'REQUIREMENT_PLOT_RESOURCE_TYPE_MATCHES', '1'),
    ('REQUIRES_PLOT_HAS_NO_MAPLE_BCC', 'REQUIREMENT_PLOT_RESOURCE_TYPE_MATCHES', '1'),
    ('REQUIRES_PLOT_HAS_NO_BERRIES_BCC', 'REQUIREMENT_PLOT_RESOURCE_TYPE_MATCHES', '1'),
    ('REQUIRES_PLOT_HAS_NO_HAM_BCC', 'REQUIREMENT_PLOT_RESOURCE_TYPE_MATCHES', '1'),
    ('REQUIRES_PLOT_HAS_NO_MUSHROOMS_BCC', 'REQUIREMENT_PLOT_RESOURCE_TYPE_MATCHES', '1'),
    ('REQUIRES_PLOT_HAS_NO_TOMATO_BCC', 'REQUIREMENT_PLOT_RESOURCE_TYPE_MATCHES', '1'),
    ('REQUIRES_PLOT_HAS_NO_SORGHUM_BCC', 'REQUIREMENT_PLOT_RESOURCE_TYPE_MATCHES', '1'),
    ('REQUIRES_PLOT_HAS_NO_STRAWBERRY_BCC', 'REQUIREMENT_PLOT_RESOURCE_TYPE_MATCHES', '1'),
    ('REQUIRES_PLOT_HAS_NO_FLOODPLAIN_SORGHUM_BCC', 'REQUIREMENT_REQUIREMENTSET_IS_MET', '0');
INSERT INTO RequirementSets(RequirementSetId, RequirementSetType) VALUES
    ('BCC_NO_FLODPLAIN_SORGHUM_REQUIREMENTSET', 'REQUIREMENTSET_TEST_ALL');
INSERT INTO RequirementArguments(RequirementId, Name, Value) VALUES
    ('REQUIRES_PLOT_HAS_NO_GRANITE_BCC', 'ResourceType', 'RESOURCE_GRANITE'),
    ('REQUIRES_PLOT_HAS_NO_LEAD_BCC', 'ResourceType', 'RESOURCE_LEAD'),
    ('REQUIRES_PLOT_HAS_NO_OAK_BCC', 'ResourceType', 'RESOURCE_OAK'),
    ('REQUIRES_PLOT_HAS_NO_LIMESTONE_BCC', 'ResourceType', 'RESOURCE_LIMESTONE'),
    ('REQUIRES_PLOT_HAS_NO_MAPLE_BCC', 'ResourceType', 'RESOURCE_MAPLE'),
    ('REQUIRES_PLOT_HAS_NO_BERRIES_BCC', 'ResourceType', 'RESOURCE_BERRIES'),
    ('REQUIRES_PLOT_HAS_NO_HAM_BCC', 'ResourceType', 'RESOURCE_HAM'),
    ('REQUIRES_PLOT_HAS_NO_MUSHROOMS_BCC', 'ResourceType', 'RESOURCE_MUSHROOMS'),
    ('REQUIRES_PLOT_HAS_NO_TOMATO_BCC', 'ResourceType', 'RESOURCE_TOMATO'),
    ('REQUIRES_PLOT_HAS_NO_SORGHUM_BCC', 'ResourceType', 'RESOURCE_SORGHUM'),
    ('REQUIRES_PLOT_HAS_NO_STRAWBERRY_BCC', 'ResourceType', 'RESOURCE_STRAWBERRY'),
    ('REQUIRES_PLOT_HAS_NO_FLOODPLAIN_SORGHUM_BCC', 'RequirementSetId', 'BCC_NO_FLODPLAIN_SORGHUM_REQUIREMENTSET');
INSERT INTO RequirementSetRequirements(RequirementSetId, RequirementId) VALUES
    ('BCC_PLOT_IS_GRASSLAND_CITY_REQUIREMENT','REQUIRES_PLOT_HAS_NO_MAPLE_BCC'),
    ('BCC_PLOT_IS_GRASSLAND_CITY_REQUIREMENT','REQUIRES_PLOT_HAS_NO_HAM_BCC'),
    ('BCC_PLOT_IS_GRASSLAND_CITY_REQUIREMENT','REQUIRES_PLOT_HAS_NO_TOMATO_BCC'),
    ('BCC_PLOT_IS_PLAINS_CITY_REQUIREMENT','REQUIRES_PLOT_HAS_NO_HAM_BCC'),
    ('BCC_PLOT_IS_PLAINS_CITY_REQUIREMENT','REQUIRES_PLOT_HAS_NO_TOMATO_BCC'),
    ('BCC_PLOT_IS_TUNDRA_CITY_REQUIREMENT', 'REQUIRES_PLOT_HAS_NO_BERRIES_BCC'),
    ('BCC_PLOT_IS_TUNDRA_CITY_REQUIREMENT', 'REQUIRES_PLOT_HAS_NO_MUSHROOMS_BCC'),
    ('BCC_PLOT_IS_GRASSLAND_HILLS_CITY_REQUIREMENT','REQUIRES_PLOT_HAS_NO_GRANITE_BCC'),
    ('BCC_PLOT_IS_GRASSLAND_HILLS_CITY_REQUIREMENT','REQUIRES_PLOT_HAS_NO_LEAD_BCC'),
    ('BCC_PLOT_IS_GRASSLAND_HILLS_CITY_REQUIREMENT','REQUIRES_PLOT_HAS_NO_OAK_BCC'),
    ('BCC_PLOT_IS_DESERT_HILLS_CITY_REQUIREMENT','REQUIRES_PLOT_HAS_NO_LEAD_BCC'),
    ('BCC_PLOT_IS_DESERT_HILLS_CITY_REQUIREMENT','REQUIRES_PLOT_HAS_NO_LIMESTONE_BCC'),
    ('BCC_PLOT_IS_TUNDRA_HILLS_CITY_REQUIREMENT','REQUIRES_PLOT_HAS_NO_GRANITE_BCC'),
    ('BCC_PLOT_IS_TUNDRA_HILLS_CITY_REQUIREMENT','REQUIRES_PLOT_HAS_NO_LEAD_BCC'),
    ('BCC_PLOT_IS_TUNDRA_HILLS_CITY_REQUIREMENT','REQUIRES_PLOT_HAS_NO_OAK_BCC'),
    ('BCC_PLOT_IS_SNOW_HILLS_CITY_REQUIREMENT','REQUIRES_PLOT_HAS_NO_GRANITE_BCC'),
    ('BCC_NO_FLODPLAIN_SORGHUM_REQUIREMENTSET', 'REQUIRES_PLOT_HAS_NO_FLOODPLAINS_BCC'),
    ('BCC_NO_FLODPLAIN_SORGHUM_REQUIREMENTSET', 'REQUIRES_PLOT_HAS_NO_SORGHUM_BCC'),
    ('BCC_PLOT_IS_GRASSLAND_CITY_REQUIREMENT', 'REQUIRES_PLOT_HAS_NO_STRAWBERRY_BCC'),
    ('BCC_PLOT_IS_GRASSLAND_CITY_REQUIREMENT', 'REQUIRES_PLOT_HAS_NO_FLOODPLAIN_SORGHUM_BCC'),
    ('BCC_PLOT_IS_DESERT_CITY_REQUIREMENT','REQUIRES_PLOT_HAS_NO_FLOODPLAIN_SORGHUM_BCC');
