-- ========================================================================
-- =                           TE KINICH                                  =
-- ========================================================================

-- Heal and experience on eurekas is in lua on original mod

-- -2 combat 6 tiles from cap, +4 6 tiles away from cap
INSERT INTO Modifiers (ModifierId, ModifierType, OwnerRequirementSetId, SubjectRequirementSetId) VALUES
	('BBG_TE_KINICH_GRANT_ABILITY_NEAR_CITIES_GIVER', 'MODIFIER_PLAYER_UNITS_GRANT_ABILITY_GRANCOLOMBIA_MAYA', 'BBG_PLAYER_IS_IN_ERA_CLASSICAL_REQUIREMENTS', 'OBJECT_IS_6_TILES_FROM_CAPITAL_REQUIREMENTS'),
	('BBG_TE_KINICH_GRANT_ABILITY_FAR_FROM_CITIES_GIVER', 'MODIFIER_PLAYER_UNITS_GRANT_ABILITY_GRANCOLOMBIA_MAYA', 'BBG_PLAYER_IS_IN_ERA_CLASSICAL_REQUIREMENTS', 'OBJECT_IS_7_OR_MORE_TILES_FROM_CAPITAL_REQUIREMENTS'),
	('BBG_TE_KINICH_MALUS_COMBAT_MODIFIER', 'MODIFIER_UNIT_ADJUST_COMBAT_STRENGTH', NULL, NULL),
	('BBG_TE_KINICH_BONUS_COMBAT_MODIFIER', 'MODIFIER_UNIT_ADJUST_COMBAT_STRENGTH', NULL, NULL);

INSERT INTO ModifierArguments (ModifierId, Name, Value) VALUES
	('BBG_TE_KINICH_GRANT_ABILITY_NEAR_CITIES_GIVER', 'AbilityType', 'BBG_TE_KINICH_MALUS_COMBAT_ABILITY'),
	('BBG_TE_KINICH_GRANT_ABILITY_FAR_FROM_CITIES_GIVER', 'AbilityType', 'BBG_TE_KINICH_BONUS_COMBAT_ABILITY'),
	('BBG_TE_KINICH_MALUS_COMBAT_MODIFIER', 'Amount', -2),
	('BBG_TE_KINICH_BONUS_COMBAT_MODIFIER', 'Amount', 4);

INSERT INTO Types (Type, Kind) VALUES
    ('BBG_TE_KINICH_MALUS_COMBAT_ABILITY', 'KIND_ABILITY'),
    ('BBG_TE_KINICH_BONUS_COMBAT_ABILITY', 'KIND_ABILITY');
INSERT INTO TypeTags (Type, Tag) VALUES
    ('BBG_TE_KINICH_MALUS_COMBAT_ABILITY', 'CLASS_ALL_COMBAT_UNITS'),
    ('BBG_TE_KINICH_BONUS_COMBAT_ABILITY', 'CLASS_ALL_COMBAT_UNITS');
INSERT INTO UnitAbilities (UnitAbilityType, Name, Description, Inactive) VALUES
    ('BBG_TE_KINICH_MALUS_COMBAT_ABILITY', 'LOC_BBG_TE_KINICH_GRANT_ABILITY_NEAR_CITIES_NAME', 'LOC_BBG_TE_KINICH_GRANT_ABILITY_NEAR_CITIES_DESC', 1),
    ('BBG_TE_KINICH_BONUS_COMBAT_ABILITY', 'LOC_BBG_TE_KINICH_GRANT_ABILITY_FAR_FROM_CITIES_NAME', 'LOC_BBG_TE_KINICH_GRANT_ABILITY_FAR_FROM_CITIES_DESC', 1);
INSERT INTO UnitAbilityModifiers (UnitAbilityType, ModifierId) VALUES
	('BBG_TE_KINICH_MALUS_COMBAT_ABILITY', 'BBG_TE_KINICH_MALUS_COMBAT_MODIFIER'),
	('BBG_TE_KINICH_BONUS_COMBAT_ABILITY', 'BBG_TE_KINICH_BONUS_COMBAT_MODIFIER');
INSERT INTO ModifierStrings (ModifierId, Context, Text) VALUES
    ('BBG_TE_KINICH_MALUS_COMBAT_MODIFIER', 'Preview', 'LOC_BBG_TE_KINICH_GRANT_ABILITY_NEAR_CITIES_DESC'),
    ('BBG_TE_KINICH_BONUS_COMBAT_MODIFIER', 'Preview', 'LOC_BBG_TE_KINICH_GRANT_ABILITY_FAR_FROM_CITIES_DESC');

INSERT INTO TraitModifiers (TraitType, ModifierId) VALUES
	('TRAIT_LEADER_LL_TEKINICH_II_WRATH_OF_VENUS', 'BBG_TE_KINICH_GRANT_ABILITY_NEAR_CITIES_GIVER'),
	('TRAIT_LEADER_LL_TEKINICH_II_WRATH_OF_VENUS', 'BBG_TE_KINICH_GRANT_ABILITY_FAR_FROM_CITIES_GIVER');

