-- ==============
-- == BUILDING ==
-- ==============

UPDATE Building_YieldChanges SET YieldChange=2 WHERE BuildingType='BUILDING_BARRACKS';
UPDATE Building_YieldChanges SET YieldChange=2 WHERE BuildingType='BUILDING_STABLE';
UPDATE Building_YieldChanges SET YieldChange=2 WHERE BuildingType='BUILDING_BASILIKOI_PAIDES';
UPDATE Building_GreatPersonPoints SET PointsPerTurn=2 WHERE BuildingType='BUILDING_ARMORY';
UPDATE Building_GreatPersonPoints SET PointsPerTurn=2 WHERE BuildingType='BUILDING_MILITARY_ACADEMY';
UPDATE Building_GreatPersonPoints SET PointsPerTurn=3 WHERE BuildingType='BUILDING_SEAPORT';

-- Watermil available with aqueduct, bath, dam
-- UPDATE Buildings SET RequiresAdjacentRiver = '0' WHERE BuildingType ='BUILDING_WATER_MILL';

UPDATE Buildings SET OuterDefenseHitPoints=75, Cost=100 WHERE BuildingType='BUILDING_WALLS';
UPDATE Buildings SET OuterDefenseHitPoints=75, Cost=200 WHERE BuildingType='BUILDING_CASTLE';
UPDATE Buildings SET OuterDefenseHitPoints=75 WHERE BuildingType='BUILDING_STAR_FORT';
UPDATE ModifierArguments SET Value='300' WHERE ModifierId='STEEL_UNLOCK_URBAN_DEFENSES';
 
-- 11/12/22 ancient wall -2 (1 from 3) def medieval wall +2 (5 from 3)
UPDATE Buildings SET OuterDefenseStrength=1 WHERE BuildingType='BUILDING_WALLS';
UPDATE Buildings SET OuterDefenseStrength=6 WHERE BuildingType='BUILDING_CASTLE';
INSERT INTO Modifiers(ModifierId, ModifierType, SubjectRequirementSetId) VALUES
    ('ALL_CIV_WALL_BASTION_REFIX_MODIFIER_BBG', 'MODIFIER_PLAYER_CITIES_ADJUST_OUTER_DEFENSE', 'CITY_HAS_ANCIENT_WALLS');
INSERT INTO ModifierArguments(ModifierId, Name, Value) VALUES
    ('ALL_CIV_WALL_BASTION_REFIX_MODIFIER_BBG', 'Amount', -1);
INSERT INTO TraitModifiers(TraitType, ModifierId) VALUES
    ('TRAIT_LEADER_MAJOR_CIV', 'ALL_CIV_WALL_BASTION_REFIX_MODIFIER_BBG');

-- chancery science from captured spies increased
UPDATE ModifierArguments SET Value='200' WHERE ModifierId='CHANCERY_COUNTERYSPY_SCIENCE' AND Name='Amount';

-- Give sewers +1 amenity
UPDATE Buildings SET Entertainment=1 WHERE BuildingType='BUILDING_SEWER';

-- Watermill no longer give food on "farmable" resources.
DELETE FROM BuildingModifiers WHERE BuildingType='BUILDING_WATER_MILL' AND
    ModifierId IN ('WATERMILL_ADDRICEFOOD', 'WATERMILL_ADDWHEATYIELD', 'WATERMILL_ADDMAIZEYIELD');
-- Watermill give 1 production towards farm
-- Plot has farm doesn't exist in base, recreate
INSERT OR IGNORE INTO Requirements(RequirementId, RequirementType) VALUES
    ('REQUIRES_PLOT_HAS_FARM', 'REQUIREMENT_PLOT_IMPROVEMENT_TYPE_MATCHES');
INSERT OR IGNORE INTO RequirementArguments(RequirementId, Name, Value) VALUES
    ('REQUIRES_PLOT_HAS_FARM', 'ImprovementType', 'IMPROVEMENT_FARM');
INSERT OR IGNORE INTO RequirementSets(RequirementSetId, RequirementSetType) VALUES
    ('PLOT_HAS_FARM_REQUIREMENTS', 'REQUIREMENTSET_TEST_ALL');
INSERT OR IGNORE INTO RequirementSetRequirements(RequirementSetId, RequirementId) VALUES
    ('PLOT_HAS_FARM_REQUIREMENTS', 'REQUIRES_PLOT_HAS_FARM');
INSERT INTO Modifiers(ModifierId, ModifierType, SubjectRequirementSetId) VALUES
    ('BBG_WATERMILL_PRODUCTION_FARM', 'MODIFIER_CITY_PLOT_YIELDS_ADJUST_PLOT_YIELD', 'PLOT_HAS_FARM_REQUIREMENTS');
INSERT INTO ModifierArguments(ModifierId, Name, Value) VALUES
    ('BBG_WATERMILL_PRODUCTION_FARM', 'YieldType', 'YIELD_PRODUCTION'),
    ('BBG_WATERMILL_PRODUCTION_FARM', 'Amount', '1');
INSERT INTO BuildingModifiers(BuildingType, ModifierId) VALUES
    ('BUILDING_WATER_MILL', 'BBG_WATERMILL_PRODUCTION_FARM');

-- 24/07/24 test : is now buildable everywhere
UPDATE Buildings SET RequiresAdjacentRiver=0 WHERE BuildingType='BUILDING_WATER_MILL';



-- Workshop cost less and give more production
UPDATE Buildings SET Cost=160 WHERE BuildingType='BUILDING_WORKSHOP';
UPDATE Building_YieldChanges SET YieldChange=4 WHERE BuildingType='BUILDING_WORKSHOP' AND YieldType='YIELD_PRODUCTION';

-- Factory
UPDATE Buildings SET Cost=290 WHERE BuildingType IN ('BUILDING_FACTORY', 'BUILDING_ELECTRONICS_FACTORY');
-- UPDATE Buildings SET PrereqTech='TECH_MASS_PRODUCTION' WHERE BuildingType='BUILDING_FACTORY';

-- Coal Powerplant
UPDATE Buildings SET Cost=330 WHERE BuildingType='BUILDING_COAL_POWER_PLANT';



-- Commercial hub buildings buff :
UPDATE Building_GreatPersonPoints SET PointsPerTurn=2 WHERE BuildingType='BUILDING_BANK';
UPDATE Building_GreatPersonPoints SET PointsPerTurn=3 WHERE BuildingType='BUILDING_STOCK_EXCHANGE';
UPDATE Building_YieldChanges SET YieldChange=6 WHERE BuildingType='BUILDING_BANK' AND YieldType='YIELD_GOLD';
UPDATE Building_YieldChanges SET YieldChange=8 WHERE BuildingType='BUILDING_STOCK_EXCHANGE' AND YieldType='YIELD_GOLD';


-- Commercial hub building traderoute modifier :
UPDATE Buildings SET Description='LOC_BBG_BUILDING_BANK_DESCRIPTION' WHERE BuildingType='BUILDING_BANK';
UPDATE Buildings SET Description='LOC_BBG_BUILDING_STOCK_EXCHANGE_DESCRIPTION' WHERE BuildingType='BUILDING_STOCK_EXCHANGE';

INSERT INTO Modifiers(ModifierId, ModifierType) VALUES
    ('BBG_BANK_TRADEROUTE_FROM_DOMESTIC', 'MODIFIER_SINGLE_CITY_ADJUST_TRADE_ROUTE_YIELD_FOR_DOMESTIC'),
    ('BBG_BANK_TRADEROUTE_TO_DOMESTIC', 'MODIFIER_SINGLE_CITY_ADJUST_TRADE_ROUTE_YIELD_TO_OTHERS'),
    ('BBG_STOCK_EXCHANGE_TRADEROUTE_FROM_DOMESTIC', 'MODIFIER_SINGLE_CITY_ADJUST_TRADE_ROUTE_YIELD_FOR_DOMESTIC'),
    ('BBG_STOCK_EXCHANGE_TRADEROUTE_TO_DOMESTIC', 'MODIFIER_SINGLE_CITY_ADJUST_TRADE_ROUTE_YIELD_TO_OTHERS'),
    ('BBG_BANK_TRADEROUTE_FROM_INTERNATIONAL', 'MODIFIER_SINGLE_CITY_ADJUST_TRADE_ROUTE_YIELD_FOR_INTERNATIONAL'),
    ('BBG_BANK_TRADEROUTE_TO_INTERNATIONAL', 'MODIFIER_SINGLE_CITY_ADJUST_TRADE_ROUTE_YIELD_TO_OTHERS'),
    ('BBG_STOCK_EXCHANGE_TRADEROUTE_FROM_INTERNATIONAL', 'MODIFIER_SINGLE_CITY_ADJUST_TRADE_ROUTE_YIELD_FOR_INTERNATIONAL'),
    ('BBG_STOCK_EXCHANGE_TRADEROUTE_TO_INTERNATIONAL', 'MODIFIER_SINGLE_CITY_ADJUST_TRADE_ROUTE_YIELD_TO_OTHERS');

INSERT INTO ModifierArguments(ModifierId, Name, Value) VALUES
    ('BBG_BANK_TRADEROUTE_FROM_DOMESTIC', 'YieldType', 'YIELD_GOLD'),
    ('BBG_BANK_TRADEROUTE_FROM_DOMESTIC', 'Amount', '2'),
    ('BBG_BANK_TRADEROUTE_FROM_DOMESTIC', 'Domestic', '1'),
    ('BBG_BANK_TRADEROUTE_TO_DOMESTIC', 'YieldType', 'YIELD_GOLD'),
    ('BBG_BANK_TRADEROUTE_TO_DOMESTIC', 'Amount', '1'),
    ('BBG_BANK_TRADEROUTE_TO_DOMESTIC', 'Domestic', '1'),
    ('BBG_STOCK_EXCHANGE_TRADEROUTE_FROM_DOMESTIC', 'YieldType', 'YIELD_GOLD'),
    ('BBG_STOCK_EXCHANGE_TRADEROUTE_FROM_DOMESTIC', 'Amount', '4'),
    ('BBG_STOCK_EXCHANGE_TRADEROUTE_FROM_DOMESTIC', 'Domestic', '1'),
    ('BBG_STOCK_EXCHANGE_TRADEROUTE_TO_DOMESTIC', 'YieldType', 'YIELD_GOLD'),
    ('BBG_STOCK_EXCHANGE_TRADEROUTE_TO_DOMESTIC', 'Amount', '2'),
    ('BBG_STOCK_EXCHANGE_TRADEROUTE_TO_DOMESTIC', 'Domestic', '1'),
    ('BBG_BANK_TRADEROUTE_FROM_INTERNATIONAL', 'YieldType', 'YIELD_GOLD'),
    ('BBG_BANK_TRADEROUTE_FROM_INTERNATIONAL', 'Amount', '2'),
    ('BBG_BANK_TRADEROUTE_FROM_INTERNATIONAL', 'Domestic', '0'),
    ('BBG_BANK_TRADEROUTE_TO_INTERNATIONAL', 'YieldType', 'YIELD_GOLD'),
    ('BBG_BANK_TRADEROUTE_TO_INTERNATIONAL', 'Amount', '1'),
    ('BBG_BANK_TRADEROUTE_TO_INTERNATIONAL', 'Domestic', '0'),
    ('BBG_STOCK_EXCHANGE_TRADEROUTE_FROM_INTERNATIONAL', 'YieldType', 'YIELD_GOLD'),
    ('BBG_STOCK_EXCHANGE_TRADEROUTE_FROM_INTERNATIONAL', 'Amount', '4'),
    ('BBG_STOCK_EXCHANGE_TRADEROUTE_FROM_INTERNATIONAL', 'Domestic', '0'),
    ('BBG_STOCK_EXCHANGE_TRADEROUTE_TO_INTERNATIONAL', 'YieldType', 'YIELD_GOLD'),
    ('BBG_STOCK_EXCHANGE_TRADEROUTE_TO_INTERNATIONAL', 'Amount', '2'),
    ('BBG_STOCK_EXCHANGE_TRADEROUTE_TO_INTERNATIONAL', 'Domestic', '0');

INSERT INTO BuildingModifiers(BuildingType, ModifierId) VALUES
    ('BUILDING_BANK', 'BBG_BANK_TRADEROUTE_FROM_DOMESTIC'),
    ('BUILDING_BANK', 'BBG_BANK_TRADEROUTE_TO_DOMESTIC'),
    ('BUILDING_STOCK_EXCHANGE', 'BBG_STOCK_EXCHANGE_TRADEROUTE_FROM_DOMESTIC'),
    ('BUILDING_STOCK_EXCHANGE', 'BBG_STOCK_EXCHANGE_TRADEROUTE_TO_DOMESTIC'),
    ('BUILDING_BANK', 'BBG_BANK_TRADEROUTE_FROM_INTERNATIONAL'),
    ('BUILDING_BANK', 'BBG_BANK_TRADEROUTE_TO_INTERNATIONAL'),
    ('BUILDING_STOCK_EXCHANGE', 'BBG_STOCK_EXCHANGE_TRADEROUTE_FROM_INTERNATIONAL'),
    ('BUILDING_STOCK_EXCHANGE', 'BBG_STOCK_EXCHANGE_TRADEROUTE_TO_INTERNATIONAL');

-- 12/06/23 Arena gives 3 tourism from start
-- Delete old modifier
DELETE FROM Modifiers WHERE ModifierId='CONSERVATION_ARENA_TOURISM';
INSERT INTO Modifiers (ModifierId, ModifierType) VALUES
    ('BBG_ARENA_TOURISM', 'MODIFIER_PLAYER_DISTRICT_ADJUST_TOURISM_CHANGE');
INSERT INTO ModifierArguments (ModifierId, Name, Value) VALUES
    ('BBG_ARENA_TOURISM', 'Amount', 3);
INSERT INTO BuildingModifiers (BuildingType, ModifierId) VALUES
    ('BUILDING_ARENA', 'BBG_ARENA_TOURISM');
-- 12/06/23 Stadium Tourism buff
UPDATE ModifierArguments SET Value=6 WHERE Name='STADIUM_10_POPULATION_TOURISM';
UPDATE ModifierArguments SET Value=15 WHERE Name='STADIUM_10_POPULATION_TOURISM';

-- 16/15/25 Amphiteater production cost reduced to 60 (120 normal speed) from 75 (150)
UPDATE Buildings SET Cost=120 WHERE BuildingType='BUILDING_AMPHITHEATER';

-- 17/12/25 Seaport advanced to Steam Power
UPDATE Buildings SET PrereqTech='TECH_STEAM_POWER' WHERE BuildingType='BUILDING_SEAPORT';
-- 17/12/25 Sea Port production cost reduced to 360 (from 440)
UPDATE Buildings SET Cost=360 WHERE BuildingType='BUILDING_SEAPORT';

-- 17/12/25 Stable production cost reduced to 90 (from 120)
UPDATE Buildings SET Cost=90 WHERE BuildingType='BUILDING_STABLE';