--==============================================================================================
--******				GOVERNMENT						   ******
--==============================================================================================
-- fascism attack bonus works on defense now too
UPDATE Modifiers SET SubjectRequirementSetId=NULL WHERE ModifierId='FASCISM_ATTACK_BUFF';
UPDATE Modifiers SET SubjectRequirementSetId=NULL WHERE ModifierId='FASCISM_LEGACY_ATTACK_BUFF';

-- 17/12/25 intolerance to 0 for Demo and -20 for Fascism/Communism
UPDATE Governments SET OtherGovernmentIntolerance=0 WHERE GovernmentType='GOVERNMENT_DEMOCRACY';
UPDATE Governments SET OtherGovernmentIntolerance=-30 WHERE GovernmentType='GOVERNMENT_FASCISM';
UPDATE Governments SET OtherGovernmentIntolerance=-30 WHERE GovernmentType='GOVERNMENT_COMMUNISM';
UPDATE ModifierArguments SET Value='4' WHERE ModifierId='COLLECTIVIZATION_INTERNAL_TRADE_PRODUCTION' AND Name='Amount';

-- Government slot
UPDATE Government_SlotCounts SET NumSlots=1 WHERE GovernmentType='GOVERNMENT_MERCHANT_REPUBLIC' AND GovernmentSlotType='SLOT_DIPLOMATIC';
UPDATE Government_SlotCounts SET NumSlots=2 WHERE GovernmentType='GOVERNMENT_MERCHANT_REPUBLIC' AND GovernmentSlotType='SLOT_WILDCARD';

-- 11/12/22 Communism -1 red card +1 yellow card
-- 15/12/24 -1 yellow +1 wildcard
UPDATE Government_SlotCounts SET NumSlots=2 WHERE GovernmentType='GOVERNMENT_COMMUNISM' AND GovernmentSlotType='SLOT_MILITARY';
-- UPDATE Government_SlotCounts SET NumSlots=4 WHERE GovernmentType='GOVERNMENT_COMMUNISM' AND GovernmentSlotType='SLOT_ECONOMIC';
UPDATE Government_SlotCounts SET NumSlots=2 WHERE GovernmentType='GOVERNMENT_COMMUNISM' AND GovernmentSlotType='SLOT_WILDCARD';

-- 15/10/23 Theocracy discount from 15 to 10%
-- 10/03/24 Reverted
-- UPDATE ModifierArguments SET Value=10 WHERE ModifierId='THEOCRACY_FAITH_PURCHASE' and Name='Amount';

-- 10/03/24 Autocracy gives 1 food and production to monument if the city have at least one district
INSERT INTO Modifiers (ModifierId, ModifierType, SubjectRequirementSetId) VALUES
    ('BBG_MONUMENT_FOOD_AUTOCRACY_1_DISTRICT', 'MODIFIER_PLAYER_CITIES_ADJUST_BUILDING_YIELD_CHANGE', 'CITY_HAS_1_SPECIALTY_DISTRICT'),
    ('BBG_MONUMENT_PRODUCTION_AUTOCRACY_1_DISTRICT', 'MODIFIER_PLAYER_CITIES_ADJUST_BUILDING_YIELD_CHANGE', 'CITY_HAS_1_SPECIALTY_DISTRICT');
INSERT INTO ModifierArguments(ModifierId, Name, Value) VALUES
    ('BBG_MONUMENT_FOOD_AUTOCRACY_1_DISTRICT', 'BuildingType', 'BUILDING_MONUMENT'),
    ('BBG_MONUMENT_FOOD_AUTOCRACY_1_DISTRICT', 'YieldType', 'YIELD_FOOD'),
    ('BBG_MONUMENT_FOOD_AUTOCRACY_1_DISTRICT', 'Amount', '1'),
    ('BBG_MONUMENT_PRODUCTION_AUTOCRACY_1_DISTRICT', 'BuildingType', 'BUILDING_MONUMENT'),
    ('BBG_MONUMENT_PRODUCTION_AUTOCRACY_1_DISTRICT', 'YieldType', 'YIELD_PRODUCTION'),
    ('BBG_MONUMENT_PRODUCTION_AUTOCRACY_1_DISTRICT', 'Amount', '1');
INSERT INTO GovernmentModifiers (GovernmentType, ModifierId) VALUES
    ('GOVERNMENT_AUTOCRACY', 'BBG_MONUMENT_FOOD_AUTOCRACY_1_DISTRICT'),
    ('GOVERNMENT_AUTOCRACY', 'BBG_MONUMENT_PRODUCTION_AUTOCRACY_1_DISTRICT');
INSERT INTO PolicyModifiers (PolicyType, ModifierId) VALUES
    ('POLICY_GOV_AUTOCRACY', 'BBG_MONUMENT_FOOD_AUTOCRACY_1_DISTRICT'),
    ('POLICY_GOV_AUTOCRACY', 'BBG_MONUMENT_PRODUCTION_AUTOCRACY_1_DISTRICT');

-- 17/12/25 Democracy rework 
-- New Deal is now a Joker card.
UPDATE Policies SET GovernmentSlotType='SLOT_WILDCARD' WHERE PolicyType='POLICY_NEW_DEAL';
-- Their Finest Hour is deleted.
DELETE FROM Policies WHERE PolicyType='POLICY_FINEST_HOUR';

-- [NEW] Prosperity Pact Green Unique card : +2 alliance points/turn with allies. It's 1=0.25
-- Increased to +5
INSERT INTO Types(Type, Kind) VALUES
    ('POLICY_PROSPERITY_PACT', 'KIND_POLICY');
INSERT INTO Policies(PolicyType, Name, Description, PrereqCivic, GovernmentSlotType) VALUES
    ('POLICY_PROSPERITY_PACT', 'LOC_POLICY_PROSPERITY_PACT_NAME', 'LOC_POLICY_PROSPERITY_PACT_DESCRIPTION', 'CIVIC_SUFFRAGE', 'SLOT_DIPLOMATIC');
INSERT INTO PolicyModifiers(PolicyType, ModifierId) VALUES
    ('POLICY_PROSPERITY_PACT', 'BBG_PROSPERITY_PACT_ALLIANCE_POINTS');
INSERT INTO Modifiers(ModifierId, ModifierType) VALUES
    ('BBG_PROSPERITY_PACT_ALLIANCE_POINTS', 'MODIFIER_PLAYER_ADJUST_ALLIANCE_POINTS');
INSERT INTO ModifierArguments(ModifierId, Name, Value) VALUES
    ('BBG_PROSPERITY_PACT_ALLIANCE_POINTS', 'Amount', 20);
INSERT INTO Policy_GovernmentExclusives_XP2 (PolicyType, GovernmentType) VALUES
    ('POLICY_PROSPERITY_PACT', 'GOVERNMENT_DEMOCRACY');

-- Legacy Effect : Traderoute 
DELETE FROM GovernmentModifiers WHERE ModifierId IN ('DEMOCRACY_TRADEROUTEPRODUCTIONTOALLY', 'DEMOCRACY_TRADEROUTEPRODUCTIONFROMALLY', 'DEMOCRACY_TRADEROUTEPRODUCTIONTOSUZERAIN', 'DEMOCRACY_TRADEROUTEPRODUCTIONFROMSUZERAIN', 'DEMOCRACY_ALLIANCEPOINTS');

INSERT INTO Modifiers(ModifierId, ModifierType) VALUES
    ('BBG_DEMOCRACY_TRADE_ROUTE_GOLD_TO_ALLY', 'MODIFIER_PLAYER_ADJUST_TRADE_ROUTE_DESTINATION_YIELD_FOR_ALLY_ROUTE'),
    ('BBG_DEMOCRACY_TRADE_ROUTE_GOLD_FROM_ALLY', 'MODIFIER_PLAYER_ADJUST_TRADE_ROUTE_ORIGIN_YIELD_FOR_ALLY_ROUTE'),
    ('BBG_DEMOCRACY_TRADE_ROUTE_GOLD_TO_SUZERAIN', 'MODIFIER_PLAYER_ADJUST_TRADE_ROUTE_DESTINATION_YIELD_FOR_SUZERAIN_ROUTE'),
    ('BBG_DEMOCRACY_TRADE_ROUTE_GOLD_FROM_SUZERAIN', 'MODIFIER_PLAYER_ADJUST_TRADE_ROUTE_ORIGIN_YIELD_FOR_SUZERAIN_ROUTE');
INSERT INTO ModifierArguments(ModifierId, Name, Value) VALUES
    ('BBG_DEMOCRACY_TRADE_ROUTE_GOLD_TO_ALLY', 'YieldType', 'YIELD_GOLD'),
    ('BBG_DEMOCRACY_TRADE_ROUTE_GOLD_TO_ALLY', 'Amount', 8),
    ('BBG_DEMOCRACY_TRADE_ROUTE_GOLD_FROM_ALLY', 'YieldType', 'YIELD_GOLD'),
    ('BBG_DEMOCRACY_TRADE_ROUTE_GOLD_FROM_ALLY', 'Amount', 8),
    ('BBG_DEMOCRACY_TRADE_ROUTE_GOLD_TO_SUZERAIN', 'YieldType', 'YIELD_GOLD'),
    ('BBG_DEMOCRACY_TRADE_ROUTE_GOLD_TO_SUZERAIN', 'Amount', 8),
    ('BBG_DEMOCRACY_TRADE_ROUTE_GOLD_FROM_SUZERAIN', 'YieldType', 'YIELD_GOLD'),
    ('BBG_DEMOCRACY_TRADE_ROUTE_GOLD_FROM_SUZERAIN', 'Amount', 8);
INSERT INTO GovernmentModifiers (GovernmentType, ModifierId) VALUES
    ('GOVERNMENT_DEMOCRACY', 'BBG_DEMOCRACY_TRADE_ROUTE_GOLD_TO_ALLY'),
    ('GOVERNMENT_DEMOCRACY', 'BBG_DEMOCRACY_TRADE_ROUTE_GOLD_FROM_ALLY'),
    ('GOVERNMENT_DEMOCRACY', 'BBG_DEMOCRACY_TRADE_ROUTE_GOLD_TO_SUZERAIN'),
    ('GOVERNMENT_DEMOCRACY', 'BBG_DEMOCRACY_TRADE_ROUTE_GOLD_FROM_SUZERAIN');

DELETE FROM PolicyModifiers WHERE ModifierId IN ('DEMOCRACY_TRADEROUTEPRODUCTIONTOALLY', 'DEMOCRACY_TRADEROUTEPRODUCTIONFROMALLY', 'DEMOCRACY_TRADEROUTEPRODUCTIONTOSUZERAIN', 'DEMOCRACY_TRADEROUTEPRODUCTIONFROMSUZERAIN', 'DEMOCRACY_ALLIANCEPOINTS');
INSERT INTO PolicyModifiers (PolicyType, ModifierId) VALUES
    ('POLICY_GOV_DEMOCRACY', 'BBG_DEMOCRACY_TRADE_ROUTE_GOLD_TO_ALLY'),
    ('POLICY_GOV_DEMOCRACY', 'BBG_DEMOCRACY_TRADE_ROUTE_GOLD_FROM_ALLY'),
    ('POLICY_GOV_DEMOCRACY', 'BBG_DEMOCRACY_TRADE_ROUTE_GOLD_TO_SUZERAIN'),
    ('POLICY_GOV_DEMOCRACY', 'BBG_DEMOCRACY_TRADE_ROUTE_GOLD_FROM_SUZERAIN');

-- Government bonus : 15% discount on gold buy.
-- 18/01/26 +8 amenity grant +4% faith/gold/culture (for now 8 amenity is HAPPINESS_UNHAPPY because Firaxis have to hardcode everything and flemme to do lua)
INSERT INTO Modifiers (ModifierId, ModifierType) VALUES
    ('BBG_DEMOCRACY_EMPIRE_EUPHORIC_CULTURE', 'MODIFIER_PLAYER_CITIES_ADJUST_HAPPINESS_YIELD'),
    ('BBG_DEMOCRACY_EMPIRE_EUPHORIC_GOLD', 'MODIFIER_PLAYER_CITIES_ADJUST_HAPPINESS_YIELD'),
    ('BBG_DEMOCRACY_EMPIRE_EUPHORIC_FAITH', 'MODIFIER_PLAYER_CITIES_ADJUST_HAPPINESS_YIELD');
INSERT INTO ModifierArguments (ModifierId, Name, Value) VALUES
    ('BBG_DEMOCRACY_EMPIRE_EUPHORIC_CULTURE', 'HappinessType', 'HAPPINESS_UNHAPPY'),
    ('BBG_DEMOCRACY_EMPIRE_EUPHORIC_CULTURE', 'YieldType', 'YIELD_CULTURE'),
    ('BBG_DEMOCRACY_EMPIRE_EUPHORIC_CULTURE', 'Amount', 4),
    ('BBG_DEMOCRACY_EMPIRE_EUPHORIC_GOLD', 'HappinessType', 'HAPPINESS_UNHAPPY'),
    ('BBG_DEMOCRACY_EMPIRE_EUPHORIC_GOLD', 'YieldType', 'YIELD_GOLD'),
    ('BBG_DEMOCRACY_EMPIRE_EUPHORIC_GOLD', 'Amount', 4),
    ('BBG_DEMOCRACY_EMPIRE_EUPHORIC_FAITH', 'HappinessType', 'HAPPINESS_UNHAPPY'),
    ('BBG_DEMOCRACY_EMPIRE_EUPHORIC_FAITH', 'YieldType', 'YIELD_FAITH'),
    ('BBG_DEMOCRACY_EMPIRE_EUPHORIC_FAITH', 'Amount', 4);

INSERT INTO GovernmentModifiers (GovernmentType, ModifierId) VALUES
    ('GOVERNMENT_DEMOCRACY', 'BBG_DEMOCRACY_EMPIRE_EUPHORIC_CULTURE'),
    ('GOVERNMENT_DEMOCRACY', 'BBG_DEMOCRACY_EMPIRE_EUPHORIC_GOLD'),
    ('GOVERNMENT_DEMOCRACY', 'BBG_DEMOCRACY_EMPIRE_EUPHORIC_FAITH');


-- Facism rework
-- Martial Law (Joker Card) : War weariness reduction increased to 50% (from 25) and cities with garrisoned units get +10 loyalty per turn (from 4)
UPDATE ModifierArguments SET Value=50 WHERE ModifierId='MARTIALLAW_OVERALLWARWEARINESS' AND Name='Amount';
UPDATE ModifierArguments SET Value=10 WHERE ModifierId='MARTIALLAW_GARRISONIDENTITY' AND Name='Amount';
-- Third Alternative (Red) : no change. 
-- Legacy Effect : +5 Combat Strength outside of your home territory (from everywhere). (removed war weariness reduction)
DELETE FROM GovernmentModifiers WHERE ModifierId='FASCISM_WAR_WEARINESS';
DELETE FROM PolicyModifiers WHERE ModifierId='FASCISM_WAR_WEARINESS';

INSERT INTO RequirementSets (RequirementSetId, RequirementSetType) VALUES
    ('BBG_UNIT_NOT_IN_TERRITORY_REQSET', 'REQUIREMENTSET_TEST_ALL');
INSERT INTO RequirementSetRequirements (RequirementSetId, RequirementId) VALUES
    ('BBG_UNIT_NOT_IN_TERRITORY_REQSET', 'REQUIRES_UNIT_NOT_IN_OWNER_TERRITORY');
UPDATE Modifiers SET SubjectRequirementSetId='BBG_UNIT_NOT_IN_TERRITORY_REQSET' WHERE ModifierId IN ('FASCISM_ATTACK_BUFF', 'FASCISM_LEGACY_ATTACK_BUFF');
-- Government bonus : +50% Production on units. (no change)


-- Communism rework 
DELETE FROM PolicyModifiers WHERE ModifierId='COMMUNISM_PRODUCTIVE_PEOPLE' AND PolicyType='POLICY_GOV_COMMUNISM';
DELETE FROM GovernmentModifiers WHERE ModifierId='COMMUNISM_SCIENCE' AND GovernmentType='GOVERNMENT_COMMUNISM';
DELETE FROM Policy_GovernmentExclusives_XP2 WHERE PolicyType='POLICY_COLLECTIVIZATION';
-- Communism : Scientific Vanguard Joker Card : Cities with Governor receive 10% Science and Production but also -2 amenity.
INSERT INTO Types(Type, Kind) VALUES
    ('POLICY_SCIENTIFIC_VANGUARD', 'KIND_POLICY');
INSERT INTO Policies(PolicyType, Name, Description, PrereqCivic, GovernmentSlotType) VALUES
    ('POLICY_SCIENTIFIC_VANGUARD', 'LOC_POLICY_SCIENTIFIC_VANGUARD_NAME', 'LOC_POLICY_SCIENTIFIC_VANGUARD_DESCRIPTION', 'CIVIC_CLASS_STRUGGLE', 'SLOT_WILDCARD');
INSERT INTO Modifiers (ModifierId, ModifierType, SubjectRequirementSetId) VALUES
    ('BBG_COMMUNISM_SCIENCE_BONUS', 'MODIFIER_PLAYER_CITIES_ADJUST_CITY_YIELD_MODIFIER', 'CITY_HAS_GOVERNOR'),
    ('BBG_COMMUNISM_PRODUCTION_BONUS', 'MODIFIER_PLAYER_CITIES_ADJUST_CITY_YIELD_MODIFIER', 'CITY_HAS_GOVERNOR'),
    ('BBG_COMMUNISM_AMENITY_BONUS', 'MODIFIER_PLAYER_CITIES_ADJUST_POLICY_AMENITY', 'CITY_HAS_GOVERNOR');
INSERT INTO ModifierArguments (ModifierId, Name, Value) VALUES
    ('BBG_COMMUNISM_SCIENCE_BONUS', 'Amount', 10),
    ('BBG_COMMUNISM_SCIENCE_BONUS', 'YieldType', 'YIELD_SCIENCE'),
    ('BBG_COMMUNISM_PRODUCTION_BONUS', 'Amount', 10),
    ('BBG_COMMUNISM_PRODUCTION_BONUS', 'YieldType', 'YIELD_PRODUCTION'),
    ('BBG_COMMUNISM_AMENITY_BONUS', 'Amount', -2);
INSERT INTO PolicyModifiers (PolicyType, ModifierId) VALUES
    ('POLICY_SCIENTIFIC_VANGUARD', 'BBG_COMMUNISM_SCIENCE_BONUS'),
    ('POLICY_SCIENTIFIC_VANGUARD', 'BBG_COMMUNISM_PRODUCTION_BONUS'),
    ('POLICY_SCIENTIFIC_VANGUARD', 'BBG_COMMUNISM_AMENITY_BONUS');
INSERT INTO Policy_GovernmentExclusives_XP2 (PolicyType, GovernmentType) VALUES
    ('POLICY_SCIENTIFIC_VANGUARD', 'GOVERNMENT_COMMUNISM');
-- Kolkhoz  Yellow Card : +3 Production and +3 Food for IZ and Campus.
INSERT INTO Types(Type, Kind) VALUES
    ('POLICY_KOLKHOZ', 'KIND_POLICY');
INSERT INTO Policies(PolicyType, Name, Description, PrereqCivic, GovernmentSlotType) VALUES
    ('POLICY_KOLKHOZ', 'LOC_POLICY_KOLKHOZ_NAME', 'LOC_POLICY_KOLKHOZ_DESCRIPTION', 'CIVIC_CLASS_STRUGGLE', 'SLOT_ECONOMIC');
INSERT INTO Modifiers (ModifierId, ModifierType, SubjectRequirementSetId) VALUES
    ('BBG_KOLKHOZ_FOOD_IZ', 'MODIFIER_PLAYER_DISTRICTS_ADJUST_YIELD_CHANGE', 'DISTRICT_IS_INDUSTRIAL_ZONE'),
    ('BBG_KOLKHOZ_PROD_IZ', 'MODIFIER_PLAYER_DISTRICTS_ADJUST_YIELD_CHANGE', 'DISTRICT_IS_INDUSTRIAL_ZONE'),
    ('BBG_KOLKHOZ_FOOD_CAMPUS', 'MODIFIER_PLAYER_DISTRICTS_ADJUST_YIELD_CHANGE', 'DISTRICT_IS_CAMPUS'),
    ('BBG_KOLKHOZ_PROD_CAMPUS', 'MODIFIER_PLAYER_DISTRICTS_ADJUST_YIELD_CHANGE', 'DISTRICT_IS_CAMPUS');
INSERT INTO ModifierArguments (ModifierId, Name, Value) VALUES
    ('BBG_KOLKHOZ_FOOD_IZ', 'Amount', 2),
    ('BBG_KOLKHOZ_FOOD_IZ', 'YieldType', 'YIELD_FOOD'),
    ('BBG_KOLKHOZ_PROD_IZ', 'Amount', 2),
    ('BBG_KOLKHOZ_PROD_IZ', 'YieldType', 'YIELD_PRODUCTION'),
    ('BBG_KOLKHOZ_FOOD_CAMPUS', 'Amount', 2),
    ('BBG_KOLKHOZ_FOOD_CAMPUS', 'YieldType', 'YIELD_FOOD'),
    ('BBG_KOLKHOZ_PROD_CAMPUS', 'Amount', 2),
    ('BBG_KOLKHOZ_PROD_CAMPUS', 'YieldType', 'YIELD_PRODUCTION');
INSERT INTO PolicyModifiers (PolicyType, ModifierId) VALUES
    ('POLICY_KOLKHOZ', 'BBG_KOLKHOZ_FOOD_IZ'),
    ('POLICY_KOLKHOZ', 'BBG_KOLKHOZ_PROD_IZ'),
    ('POLICY_KOLKHOZ', 'BBG_KOLKHOZ_FOOD_CAMPUS'),
    ('POLICY_KOLKHOZ', 'BBG_KOLKHOZ_PROD_CAMPUS');
INSERT INTO Policy_GovernmentExclusives_XP2 (PolicyType, GovernmentType) VALUES
    ('POLICY_KOLKHOZ', 'GOVERNMENT_COMMUNISM');

-- Legacy Effect : +5 combat strength inside or adjacent to territory 
INSERT INTO RequirementSets(RequirementSetId, RequirementSetType) VALUES
    ('BBG_COMMUNISM_LAND_OR_ADJACENT_TO_HOME_TERRITORY_REQSET', 'REQUIREMENTSET_TEST_ANY');
INSERT INTO RequirementSetRequirements(RequirementSetId, RequirementId) VALUES
    ('BBG_COMMUNISM_LAND_OR_ADJACENT_TO_HOME_TERRITORY_REQSET', 'UNIT_IN_OWNER_TERRITORY_REQUIREMENT');

INSERT INTO Modifiers(ModifierId, ModifierType, OwnerRequirementSetId) VALUES
    ('BBG_COMMUNISM_COMBAT_STRENGTH_GIVER', 'MODIFIER_PLAYER_UNITS_GRANT_ABILITY', NULL),
    ('BBG_COMMUNISM_COMBAT_STRENGTH_MODIFIER', 'MODIFIER_UNIT_ADJUST_COMBAT_STRENGTH', 'BBG_COMMUNISM_LAND_OR_ADJACENT_TO_HOME_TERRITORY_REQSET');
INSERT INTO ModifierArguments(ModifierId, Name, Value) VALUES
    ('BBG_COMMUNISM_COMBAT_STRENGTH_GIVER', 'AbilityType', 'BBG_COMMUNISM_COMBAT_STRENGTH_ABILITY'),
    ('BBG_COMMUNISM_COMBAT_STRENGTH_MODIFIER', 'Amount', 4);

INSERT INTO ModifierStrings(ModifierId, Context, Text) VALUES
    ('BBG_COMMUNISM_COMBAT_STRENGTH_MODIFIER', 'Preview', 'LOC_BBG_COMMUNISM_COMBAT_STRENGTH_ABILITY_DESC');

INSERT INTO Types(Type, Kind) VALUES
    ('BBG_COMMUNISM_COMBAT_STRENGTH_ABILITY', 'KIND_ABILITY');
INSERT INTO TypeTags(Type, Tag) VALUES
    ('BBG_COMMUNISM_COMBAT_STRENGTH_ABILITY', 'CLASS_ALL_COMBAT_UNITS');
INSERT INTO UnitAbilities(UnitAbilityType, Name, Description, Inactive) VALUES
    ('BBG_COMMUNISM_COMBAT_STRENGTH_ABILITY', 'LOC_BBG_COMMUNISM_COMBAT_STRENGTH_ABILITY_NAME', 'LOC_BBG_COMMUNISM_COMBAT_STRENGTH_ABILITY_DESC', 1);
INSERT INTO UnitAbilityModifiers(UnitAbilityType, ModifierId) VALUES
    ('BBG_COMMUNISM_COMBAT_STRENGTH_ABILITY', 'BBG_COMMUNISM_COMBAT_STRENGTH_MODIFIER');
INSERT INTO GovernmentModifiers(GovernmentType, ModifierId) VALUES
    ('GOVERNMENT_COMMUNISM', 'BBG_COMMUNISM_COMBAT_STRENGTH_GIVER');

-- Legacy 
DELETE FROM PolicyModifiers WHERE PolicyType='POLICY_GOV_COMMUNISM';

INSERT INTO Modifiers(ModifierId, ModifierType, OwnerRequirementSetId) VALUES
    ('BBG_COMMUNISM_LEGACY_COMBAT_STRENGTH_GIVER', 'MODIFIER_PLAYER_UNITS_GRANT_ABILITY', NULL),
    ('BBG_COMMUNISM_LEGACY_COMBAT_STRENGTH_MODIFIER', 'MODIFIER_UNIT_ADJUST_COMBAT_STRENGTH', 'BBG_COMMUNISM_LAND_OR_ADJACENT_TO_HOME_TERRITORY_REQSET');
INSERT INTO ModifierArguments(ModifierId, Name, Value) VALUES
    ('BBG_COMMUNISM_LEGACY_COMBAT_STRENGTH_GIVER', 'AbilityType', 'BBG_COMMUNISM_LEGACY_COMBAT_STRENGTH_ABILITY'),
    ('BBG_COMMUNISM_LEGACY_COMBAT_STRENGTH_MODIFIER', 'Amount', 5);

INSERT INTO ModifierStrings(ModifierId, Context, Text) VALUES
    ('BBG_COMMUNISM_LEGACY_COMBAT_STRENGTH_MODIFIER', 'Preview', 'LOC_BBG_COMMUNISM_LEGACY_COMBAT_STRENGTH_ABILITY_DESC');

INSERT INTO Types(Type, Kind) VALUES
    ('BBG_COMMUNISM_LEGACY_COMBAT_STRENGTH_ABILITY', 'KIND_ABILITY');
INSERT INTO TypeTags(Type, Tag) VALUES
    ('BBG_COMMUNISM_LEGACY_COMBAT_STRENGTH_ABILITY', 'CLASS_ALL_COMBAT_UNITS');
INSERT INTO UnitAbilities(UnitAbilityType, Name, Description, Inactive) VALUES
    ('BBG_COMMUNISM_LEGACY_COMBAT_STRENGTH_ABILITY', 'LOC_BBG_COMMUNISM_LEGACY_COMBAT_STRENGTH_ABILITY_NAME', 'LOC_BBG_COMMUNISM_LEGACY_COMBAT_STRENGTH_ABILITY_DESC', 1);
INSERT INTO UnitAbilityModifiers(UnitAbilityType, ModifierId) VALUES
    ('BBG_COMMUNISM_LEGACY_COMBAT_STRENGTH_ABILITY', 'BBG_COMMUNISM_COMBAT_STRENGTH_MODIFIER');
INSERT INTO PolicyModifiers(PolicyType, ModifierId) VALUES
    ('POLICY_GOV_COMMUNISM', 'BBG_COMMUNISM_LEGACY_COMBAT_STRENGTH_GIVER');

-- Government bonus : +.6 prod per citizen in cities with a governor.













