--==============================================================================================
--******				GOVERNMENT						   ******
--==============================================================================================
-- fascism attack bonus works on defense now too
UPDATE Modifiers SET SubjectRequirementSetId=NULL WHERE ModifierId='FASCISM_ATTACK_BUFF';
UPDATE Modifiers SET SubjectRequirementSetId=NULL WHERE ModifierId='FASCISM_LEGACY_ATTACK_BUFF';

--5.2.5 buff autocracy (extend bonus to plaza/diplo quarter district AND diplo quarter buildings)
INSERT INTO GovernmentModifiers (GovernmentType, ModifierId) VALUES
    ('GOVERNMENT_AUTOCRACY', 'AUTOCRACY_PLAZA_DISTRICT'),
    ('GOVERNMENT_AUTOCRACY', 'AUTOCRACY_DIPLOMATIC_DISTRICT');

INSERT INTO PolicyModifiers (PolicyType, ModifierId) VALUES
    ('POLICY_GOV_AUTOCRACY', 'AUTOCRACY_PLAZA_DISTRICT'),
    ('POLICY_GOV_AUTOCRACY', 'AUTOCRACY_DIPLOMATIC_DISTRICT');

INSERT INTO Modifiers (ModifierId, ModifierType, SubjectRequirementSetId) VALUES
    ('AUTOCRACY_PLAZA_DISTRICT', 'MODIFIER_PLAYER_CITIES_ADJUST_CITY_ALL_YIELDS_CHANGE', 'CITY_HAS_GOV_DISTRICT_BBG_REQSET'),
    ('AUTOCRACY_DIPLOMATIC_DISTRICT', 'MODIFIER_PLAYER_CITIES_ADJUST_CITY_ALL_YIELDS_CHANGE', 'CITY_HAS_DIPLOMATIC_DISTRICT_BBG_REQSET');

INSERT INTO ModifierArguments (ModifierId, Name, Value) VALUES
    ('AUTOCRACY_PLAZA_DISTRICT', 'Amount', '1'),
    ('AUTOCRACY_DIPLOMATIC_DISTRICT', 'Amount', '1');
 
INSERT INTO RequirementSets (RequirementSetId, RequirementSetType) VALUES
    ('CITY_HAS_DIPLOMATIC_DISTRICT_BBG_REQSET', 'REQUIREMENTSET_TEST_ALL'),
    ('CITY_HAS_GOV_DISTRICT_BBG_REQSET', 'REQUIREMENTSET_TEST_ALL');

INSERT INTO RequirementSetRequirements (RequirementSetId, RequirementId) VALUES
    ('CITY_HAS_DIPLOMATIC_DISTRICT_BBG_REQSET', 'CITY_HAS_DIPLOMATIC_DISTRICT_BBG_REQ'),
    ('CITY_HAS_GOV_DISTRICT_BBG_REQSET', 'CITY_HAS_GOV_DISTRICT_BBG_REQ');
 
INSERT INTO Requirements (RequirementId, RequirementType) VALUES
    ('CITY_HAS_DIPLOMATIC_DISTRICT_BBG_REQ', 'REQUIREMENT_CITY_HAS_DISTRICT'),
    ('CITY_HAS_GOV_DISTRICT_BBG_REQ', 'REQUIREMENT_CITY_HAS_DISTRICT');

INSERT INTO RequirementArguments (RequirementId, Name, Value) VALUES
    ('CITY_HAS_DIPLOMATIC_DISTRICT_BBG_REQ', 'DistrictType', 'DISTRICT_DIPLOMATIC_QUARTER'),
    ('CITY_HAS_GOV_DISTRICT_BBG_REQ', 'DistrictType', 'DISTRICT_GOVERNMENT');

UPDATE Governments SET OtherGovernmentIntolerance=0 WHERE GovernmentType='GOVERNMENT_DEMOCRACY';
UPDATE Governments SET OtherGovernmentIntolerance=-40 WHERE GovernmentType='GOVERNMENT_FASCISM';
UPDATE Governments SET OtherGovernmentIntolerance=-40 WHERE GovernmentType='GOVERNMENT_COMMUNISM';
UPDATE ModifierArguments SET Value='4' WHERE ModifierId='COLLECTIVIZATION_INTERNAL_TRADE_PRODUCTION' AND Name='Amount';

-- Replace +2 favor on renaissance wall with monarchy to +2 culture
UPDATE Modifiers SET ModifierType='MODIFIER_PLAYER_CITIES_ADJUST_BUILDING_YIELD_CHANGE' WHERE ModifierId='MONARCHY_STARFORT_FAVOR';
UPDATE Modifiers SET SubjectRequirementSetId=NULL WHERE ModifierId='MONARCHY_STARFORT_FAVOR';

DELETE FROM ModifierArguments WHERE ModifierId='MONARCHY_STARFORT_FAVOR';
INSERT INTO ModifierArguments(ModifierId, Name, Value) VALUES
    ('MONARCHY_STARFORT_FAVOR', 'BuildingType', 'BUILDING_STAR_FORT'),
    ('MONARCHY_STARFORT_FAVOR', 'YieldType', 'YIELD_CULTURE'),
    ('MONARCHY_STARFORT_FAVOR', 'Amount', '2');


-- Government slot
UPDATE Government_SlotCounts SET NumSlots=1 WHERE GovernmentType='GOVERNMENT_MERCHANT_REPUBLIC' AND GovernmentSlotType='SLOT_DIPLOMATIC';
UPDATE Government_SlotCounts SET NumSlots=2 WHERE GovernmentType='GOVERNMENT_MERCHANT_REPUBLIC' AND GovernmentSlotType='SLOT_WILDCARD';

--11/12/22 Communism -1 red card +1 yellow card
UPDATE Government_SlotCounts SET NumSlots=2 WHERE GovernmentType='GOVERNMENT_COMMUNISM' AND GovernmentSlotType='SLOT_MILITARY';
UPDATE Government_SlotCounts SET NumSlots=4 WHERE GovernmentType='GOVERNMENT_COMMUNISM' AND GovernmentSlotType='SLOT_ECONOMIC';

--11/12/22
UPDATE ModifierArguments SET Value=1 WHERE ModifierId='COMMUNISM_PRODUCTIVE_PEOPLE' and Name="Amount";

--11/12/22 Collectivization also give +4 gold per traderoute
INSERT INTO Modifiers(ModifierId, ModifierType) VALUES
    ('BBG_COLLECTIVIZATION_TRADE_GOLD', 'MODIFIER_PLAYER_ADJUST_TRADE_ROUTE_YIELD');
INSERT INTO ModifierArguments(ModifierId, Name, Value) VALUES
    ('BBG_COLLECTIVIZATION_TRADE_GOLD', 'YieldType', 'YIELD_GOLD'),
    ('BBG_COLLECTIVIZATION_TRADE_GOLD', 'Amount', '4');
INSERT INTO PolicyModifiers(PolicyType, ModifierId) VALUES
    ('POLICY_COLLECTIVIZATION', 'BBG_COLLECTIVIZATION_TRADE_GOLD');

/*
--Creating dummy buildings (never will I use dummy InternalOnly buildings and don't advice anyone, use plot properties instead for dynamic control via sql requirements)
INSERT INTO Types(Type, Kind) VALUES
    ('BUILDING_HOLY_1', 'KIND_BUILDING'),
    ('BUILDING_HOLY_2', 'KIND_BUILDING'),
    ('BUILDING_HOLY_3', 'KIND_BUILDING'),
    ('BUILDING_CAMP_1', 'KIND_BUILDING'),
    ('BUILDING_CAMP_2', 'KIND_BUILDING'),
    ('BUILDING_CAMP_3', 'KIND_BUILDING'),
    ('BUILDING_ENCA_1', 'KIND_BUILDING'),
    ('BUILDING_ENCA_2', 'KIND_BUILDING'),
    ('BUILDING_ENCA_3', 'KIND_BUILDING'),
    ('BUILDING_HARB_1', 'KIND_BUILDING'),
    ('BUILDING_HARB_2', 'KIND_BUILDING'),
    ('BUILDING_HARB_3', 'KIND_BUILDING'),
    ('BUILDING_COMM_1', 'KIND_BUILDING'),
    ('BUILDING_COMM_2', 'KIND_BUILDING'),
    ('BUILDING_COMM_3', 'KIND_BUILDING'),
    ('BUILDING_THEA_1', 'KIND_BUILDING'),
    ('BUILDING_THEA_2', 'KIND_BUILDING'),
    ('BUILDING_THEA_3', 'KIND_BUILDING'),
    ('BUILDING_INDU_1', 'KIND_BUILDING'),
    ('BUILDING_INDU_2', 'KIND_BUILDING'),
    ('BUILDING_INDU_3', 'KIND_BUILDING');

INSERT INTO Buildings(BuildingType, Name, Cost, PrereqDistrict , PurchaseYield,  InternalOnly) VALUES
    ('BUILDING_HOLY_1', 'LOC_BUILDING_HOLY_1_NAME', '1', 'DISTRICT_CITY_CENTER', NULL, '1'),
    ('BUILDING_HOLY_2', 'LOC_BUILDING_HOLY_2_NAME', '1', 'DISTRICT_CITY_CENTER', NULL, '1'),
    ('BUILDING_HOLY_3', 'LOC_BUILDING_HOLY_3_NAME', '1', 'DISTRICT_CITY_CENTER', NULL, '1'),
    ('BUILDING_CAMP_1', 'LOC_BUILDING_CAMP_1_NAME', '1', 'DISTRICT_CITY_CENTER', NULL, '1'),
    ('BUILDING_CAMP_2', 'LOC_BUILDING_CAMP_2_NAME', '1', 'DISTRICT_CITY_CENTER', NULL, '1'),
    ('BUILDING_CAMP_3', 'LOC_BUILDING_CAMP_3_NAME', '1', 'DISTRICT_CITY_CENTER', NULL, '1'),
    ('BUILDING_ENCA_1', 'LOC_BUILDING_ENCA_1_NAME', '1', 'DISTRICT_CITY_CENTER', NULL, '1'),
    ('BUILDING_ENCA_2', 'LOC_BUILDING_ENCA_2_NAME', '1', 'DISTRICT_CITY_CENTER', NULL, '1'),
    ('BUILDING_ENCA_3', 'LOC_BUILDING_ENCA_3_NAME', '1', 'DISTRICT_CITY_CENTER', NULL, '1'),
    ('BUILDING_HARB_1', 'LOC_BUILDING_HARB_1_NAME', '1', 'DISTRICT_CITY_CENTER', NULL, '1'),
    ('BUILDING_HARB_2', 'LOC_BUILDING_HARB_2_NAME', '1', 'DISTRICT_CITY_CENTER', NULL, '1'),
    ('BUILDING_HARB_3', 'LOC_BUILDING_HARB_3_NAME', '1', 'DISTRICT_CITY_CENTER', NULL, '1'),
    ('BUILDING_COMM_1', 'LOC_BUILDING_COMM_1_NAME', '1', 'DISTRICT_CITY_CENTER', NULL, '1'),
    ('BUILDING_COMM_2', 'LOC_BUILDING_COMM_2_NAME', '1', 'DISTRICT_CITY_CENTER', NULL, '1'),
    ('BUILDING_COMM_3', 'LOC_BUILDING_COMM_3_NAME', '1', 'DISTRICT_CITY_CENTER', NULL, '1'),
    ('BUILDING_THEA_1', 'LOC_BUILDING_THEA_1_NAME', '1', 'DISTRICT_CITY_CENTER', NULL, '1'),
    ('BUILDING_THEA_2', 'LOC_BUILDING_THEA_2_NAME', '1', 'DISTRICT_CITY_CENTER', NULL, '1'),
    ('BUILDING_THEA_3', 'LOC_BUILDING_THEA_3_NAME', '1', 'DISTRICT_CITY_CENTER', NULL, '1'),
    ('BUILDING_INDU_1', 'LOC_BUILDING_INDU_1_NAME', '1', 'DISTRICT_CITY_CENTER', NULL, '1'),
    ('BUILDING_INDU_2', 'LOC_BUILDING_INDU_2_NAME', '1', 'DISTRICT_CITY_CENTER', NULL, '1'),
    ('BUILDING_INDU_3', 'LOC_BUILDING_INDU_3_NAME', '1', 'DISTRICT_CITY_CENTER', NULL, '1');

-- Creating Modifiers to Add these buildings via Lua on met conditions
INSERT INTO Modifiers(ModifierId, ModifierType) VALUES
    ('COMMUNISM_HOLY_1', 'MODIFIER_SINGLE_CITY_GRANT_BUILDING_IN_CITY_IGNORE'),
    ('COMMUNISM_HOLY_2', 'MODIFIER_SINGLE_CITY_GRANT_BUILDING_IN_CITY_IGNORE'),
    ('COMMUNISM_HOLY_3', 'MODIFIER_SINGLE_CITY_GRANT_BUILDING_IN_CITY_IGNORE'),
    ('COMMUNISM_CAMP_1', 'MODIFIER_SINGLE_CITY_GRANT_BUILDING_IN_CITY_IGNORE'),
    ('COMMUNISM_CAMP_2', 'MODIFIER_SINGLE_CITY_GRANT_BUILDING_IN_CITY_IGNORE'),
    ('COMMUNISM_CAMP_3', 'MODIFIER_SINGLE_CITY_GRANT_BUILDING_IN_CITY_IGNORE'),
    ('COMMUNISM_ENCA_1', 'MODIFIER_SINGLE_CITY_GRANT_BUILDING_IN_CITY_IGNORE'),
    ('COMMUNISM_ENCA_2', 'MODIFIER_SINGLE_CITY_GRANT_BUILDING_IN_CITY_IGNORE'),
    ('COMMUNISM_ENCA_3', 'MODIFIER_SINGLE_CITY_GRANT_BUILDING_IN_CITY_IGNORE'),
    ('COMMUNISM_HARB_1', 'MODIFIER_SINGLE_CITY_GRANT_BUILDING_IN_CITY_IGNORE'),
    ('COMMUNISM_HARB_2', 'MODIFIER_SINGLE_CITY_GRANT_BUILDING_IN_CITY_IGNORE'),
    ('COMMUNISM_HARB_3', 'MODIFIER_SINGLE_CITY_GRANT_BUILDING_IN_CITY_IGNORE'),
    ('COMMUNISM_COMM_1', 'MODIFIER_SINGLE_CITY_GRANT_BUILDING_IN_CITY_IGNORE'),
    ('COMMUNISM_COMM_2', 'MODIFIER_SINGLE_CITY_GRANT_BUILDING_IN_CITY_IGNORE'),
    ('COMMUNISM_COMM_3', 'MODIFIER_SINGLE_CITY_GRANT_BUILDING_IN_CITY_IGNORE'),
    ('COMMUNISM_THEA_1', 'MODIFIER_SINGLE_CITY_GRANT_BUILDING_IN_CITY_IGNORE'),
    ('COMMUNISM_THEA_2', 'MODIFIER_SINGLE_CITY_GRANT_BUILDING_IN_CITY_IGNORE'),
    ('COMMUNISM_THEA_3', 'MODIFIER_SINGLE_CITY_GRANT_BUILDING_IN_CITY_IGNORE'),
    ('COMMUNISM_INDU_1', 'MODIFIER_SINGLE_CITY_GRANT_BUILDING_IN_CITY_IGNORE'),
    ('COMMUNISM_INDU_2', 'MODIFIER_SINGLE_CITY_GRANT_BUILDING_IN_CITY_IGNORE'),
    ('COMMUNISM_INDU_3', 'MODIFIER_SINGLE_CITY_GRANT_BUILDING_IN_CITY_IGNORE');

INSERT INTO ModifierArguments(ModifierId, Name, Value) VALUES
    ('COMMUNISM_HOLY_1', 'BuildingType', 'BUILDING_HOLY_1'),
    ('COMMUNISM_HOLY_2', 'BuildingType', 'BUILDING_HOLY_2'),
    ('COMMUNISM_HOLY_3', 'BuildingType', 'BUILDING_HOLY_3'),
    ('COMMUNISM_CAMP_1', 'BuildingType', 'BUILDING_CAMP_1'),
    ('COMMUNISM_CAMP_2', 'BuildingType', 'BUILDING_CAMP_2'),
    ('COMMUNISM_CAMP_3', 'BuildingType', 'BUILDING_CAMP_3'),
    ('COMMUNISM_ENCA_1', 'BuildingType', 'BUILDING_ENCA_1'),
    ('COMMUNISM_ENCA_2', 'BuildingType', 'BUILDING_ENCA_2'),
    ('COMMUNISM_ENCA_3', 'BuildingType', 'BUILDING_ENCA_3'),
    ('COMMUNISM_HARB_1', 'BuildingType', 'BUILDING_HARB_1'),
    ('COMMUNISM_HARB_2', 'BuildingType', 'BUILDING_HARB_2'),
    ('COMMUNISM_HARB_3', 'BuildingType', 'BUILDING_HARB_3'),
    ('COMMUNISM_COMM_1', 'BuildingType', 'BUILDING_COMM_1'),
    ('COMMUNISM_COMM_2', 'BuildingType', 'BUILDING_COMM_2'),
    ('COMMUNISM_COMM_3', 'BuildingType', 'BUILDING_COMM_3'),
    ('COMMUNISM_THEA_1', 'BuildingType', 'BUILDING_THEA_1'),
    ('COMMUNISM_THEA_2', 'BuildingType', 'BUILDING_THEA_2'),
    ('COMMUNISM_THEA_3', 'BuildingType', 'BUILDING_THEA_3'),
    ('COMMUNISM_INDU_1', 'BuildingType', 'BUILDING_INDU_1'),
    ('COMMUNISM_INDU_2', 'BuildingType', 'BUILDING_INDU_2'),
    ('COMMUNISM_INDU_3', 'BuildingType', 'BUILDING_INDU_3');
*/
-- Creating Related Reqs and Reqsets
INSERT INTO Requirements(RequirementId, RequirementType) VALUES
    ('BBG_CITY_HAS_BUILDING_HOLY_1_REQ', 'REQUIREMENT_PLOT_PROPERTY_MATCHES'),
    ('BBG_CITY_HAS_BUILDING_HOLY_2_REQ', 'REQUIREMENT_PLOT_PROPERTY_MATCHES'),
    ('BBG_CITY_HAS_BUILDING_HOLY_3_REQ', 'REQUIREMENT_PLOT_PROPERTY_MATCHES'),
    ('BBG_CITY_HAS_BUILDING_CAMP_1_REQ', 'REQUIREMENT_PLOT_PROPERTY_MATCHES'),
    ('BBG_CITY_HAS_BUILDING_CAMP_2_REQ', 'REQUIREMENT_PLOT_PROPERTY_MATCHES'),
    ('BBG_CITY_HAS_BUILDING_CAMP_3_REQ', 'REQUIREMENT_PLOT_PROPERTY_MATCHES'),
    ('BBG_CITY_HAS_BUILDING_ENCA_1_REQ', 'REQUIREMENT_PLOT_PROPERTY_MATCHES'),
    ('BBG_CITY_HAS_BUILDING_ENCA_2_REQ', 'REQUIREMENT_PLOT_PROPERTY_MATCHES'),
    ('BBG_CITY_HAS_BUILDING_ENCA_3_REQ', 'REQUIREMENT_PLOT_PROPERTY_MATCHES'),
    ('BBG_CITY_HAS_BUILDING_HARB_1_REQ', 'REQUIREMENT_PLOT_PROPERTY_MATCHES'),
    ('BBG_CITY_HAS_BUILDING_HARB_2_REQ', 'REQUIREMENT_PLOT_PROPERTY_MATCHES'),
    ('BBG_CITY_HAS_BUILDING_HARB_3_REQ', 'REQUIREMENT_PLOT_PROPERTY_MATCHES'),
    ('BBG_CITY_HAS_BUILDING_COMM_1_REQ', 'REQUIREMENT_PLOT_PROPERTY_MATCHES'),
    ('BBG_CITY_HAS_BUILDING_COMM_2_REQ', 'REQUIREMENT_PLOT_PROPERTY_MATCHES'),
    ('BBG_CITY_HAS_BUILDING_COMM_3_REQ', 'REQUIREMENT_PLOT_PROPERTY_MATCHES'),
    ('BBG_CITY_HAS_BUILDING_THEA_1_REQ', 'REQUIREMENT_PLOT_PROPERTY_MATCHES'),
    ('BBG_CITY_HAS_BUILDING_THEA_2_REQ', 'REQUIREMENT_PLOT_PROPERTY_MATCHES'),
    ('BBG_CITY_HAS_BUILDING_THEA_3_REQ', 'REQUIREMENT_PLOT_PROPERTY_MATCHES'),
    ('BBG_CITY_HAS_BUILDING_INDU_1_REQ', 'REQUIREMENT_PLOT_PROPERTY_MATCHES'),
    ('BBG_CITY_HAS_BUILDING_INDU_2_REQ', 'REQUIREMENT_PLOT_PROPERTY_MATCHES'),
    ('BBG_CITY_HAS_BUILDING_INDU_3_REQ', 'REQUIREMENT_PLOT_PROPERTY_MATCHES');
INSERT INTO RequirementArguments(RequirementId, Name, Value) VALUES
    ('BBG_CITY_HAS_BUILDING_HOLY_1_REQ', 'PropertyName', 'BUILDING_HOLY'),
    ('BBG_CITY_HAS_BUILDING_HOLY_1_REQ', 'PropertyMinimum', '1'),
    ('BBG_CITY_HAS_BUILDING_HOLY_2_REQ', 'PropertyName', 'BUILDING_HOLY'),
    ('BBG_CITY_HAS_BUILDING_HOLY_2_REQ', 'PropertyMinimum', '2'),
    ('BBG_CITY_HAS_BUILDING_HOLY_3_REQ', 'PropertyName', 'BUILDING_HOLY'),
    ('BBG_CITY_HAS_BUILDING_HOLY_3_REQ', 'PropertyMinimum', '3'),
    ('BBG_CITY_HAS_BUILDING_CAMP_1_REQ', 'PropertyName', 'BUILDING_CAMP'),
    ('BBG_CITY_HAS_BUILDING_CAMP_1_REQ', 'PropertyMinimum', '1'),
    ('BBG_CITY_HAS_BUILDING_CAMP_2_REQ', 'PropertyName', 'BUILDING_CAMP'),
    ('BBG_CITY_HAS_BUILDING_CAMP_2_REQ', 'PropertyMinimum', '2'),
    ('BBG_CITY_HAS_BUILDING_CAMP_3_REQ', 'PropertyName', 'BUILDING_CAMP'),
    ('BBG_CITY_HAS_BUILDING_CAMP_3_REQ', 'PropertyMinimum', '3'),
    ('BBG_CITY_HAS_BUILDING_ENCA_1_REQ', 'PropertyName', 'BUILDING_ENCA'),
    ('BBG_CITY_HAS_BUILDING_ENCA_1_REQ', 'PropertyMinimum', '1'),
    ('BBG_CITY_HAS_BUILDING_ENCA_2_REQ', 'PropertyName', 'BUILDING_ENCA'),
    ('BBG_CITY_HAS_BUILDING_ENCA_2_REQ', 'PropertyMinimum', '2'),
    ('BBG_CITY_HAS_BUILDING_ENCA_3_REQ', 'PropertyName', 'BUILDING_ENCA'),
    ('BBG_CITY_HAS_BUILDING_ENCA_3_REQ', 'PropertyMinimum', '3'),
    ('BBG_CITY_HAS_BUILDING_HARB_1_REQ', 'PropertyName', 'BUILDING_HARB'),
    ('BBG_CITY_HAS_BUILDING_HARB_1_REQ', 'PropertyMinimum', '1'),
    ('BBG_CITY_HAS_BUILDING_HARB_2_REQ', 'PropertyName', 'BUILDING_HARB'),
    ('BBG_CITY_HAS_BUILDING_HARB_2_REQ', 'PropertyMinimum', '2'),
    ('BBG_CITY_HAS_BUILDING_HARB_3_REQ', 'PropertyName', 'BUILDING_HARB'),
    ('BBG_CITY_HAS_BUILDING_HARB_3_REQ', 'PropertyMinimum', '3'),
    ('BBG_CITY_HAS_BUILDING_COMM_1_REQ', 'PropertyName', 'BUILDING_COMM'),
    ('BBG_CITY_HAS_BUILDING_COMM_1_REQ', 'PropertyMinimum', '1'),
    ('BBG_CITY_HAS_BUILDING_COMM_2_REQ', 'PropertyName', 'BUILDING_COMM'),
    ('BBG_CITY_HAS_BUILDING_COMM_2_REQ', 'PropertyMinimum', '2'),
    ('BBG_CITY_HAS_BUILDING_COMM_3_REQ', 'PropertyName', 'BUILDING_COMM'),
    ('BBG_CITY_HAS_BUILDING_COMM_3_REQ', 'PropertyMinimum', '3'),
    ('BBG_CITY_HAS_BUILDING_THEA_1_REQ', 'PropertyName', 'BUILDING_THEA'),
    ('BBG_CITY_HAS_BUILDING_THEA_1_REQ', 'PropertyMinimum', '1'),
    ('BBG_CITY_HAS_BUILDING_THEA_2_REQ', 'PropertyName', 'BUILDING_THEA'),
    ('BBG_CITY_HAS_BUILDING_THEA_2_REQ', 'PropertyMinimum', '2'),
    ('BBG_CITY_HAS_BUILDING_THEA_3_REQ', 'PropertyName', 'BUILDING_THEA'),
    ('BBG_CITY_HAS_BUILDING_THEA_3_REQ', 'PropertyMinimum', '3'),
    ('BBG_CITY_HAS_BUILDING_INDU_1_REQ', 'PropertyName', 'BUILDING_INDU'),
    ('BBG_CITY_HAS_BUILDING_INDU_1_REQ', 'PropertyMinimum', '1'),
    ('BBG_CITY_HAS_BUILDING_INDU_2_REQ', 'PropertyName', 'BUILDING_INDU'),
    ('BBG_CITY_HAS_BUILDING_INDU_2_REQ', 'PropertyMinimum', '2'),
    ('BBG_CITY_HAS_BUILDING_INDU_3_REQ', 'PropertyName', 'BUILDING_INDU'),
    ('BBG_CITY_HAS_BUILDING_INDU_3_REQ', 'PropertyMinimum', '3');
INSERT INTO RequirementSets(RequirementSetId, RequirementSetType) VALUES
    ('BBG_CITY_HAS_BUILDING_HOLY_1_REQSET', 'REQUIREMENTSET_TEST_ALL'),
    ('BBG_CITY_HAS_BUILDING_HOLY_2_REQSET', 'REQUIREMENTSET_TEST_ALL'),
    ('BBG_CITY_HAS_BUILDING_HOLY_3_REQSET', 'REQUIREMENTSET_TEST_ALL'),
    ('BBG_CITY_HAS_BUILDING_CAMP_1_REQSET', 'REQUIREMENTSET_TEST_ALL'),
    ('BBG_CITY_HAS_BUILDING_CAMP_2_REQSET', 'REQUIREMENTSET_TEST_ALL'),
    ('BBG_CITY_HAS_BUILDING_CAMP_3_REQSET', 'REQUIREMENTSET_TEST_ALL'),
    ('BBG_CITY_HAS_BUILDING_ENCA_1_REQSET', 'REQUIREMENTSET_TEST_ALL'),
    ('BBG_CITY_HAS_BUILDING_ENCA_2_REQSET', 'REQUIREMENTSET_TEST_ALL'),
    ('BBG_CITY_HAS_BUILDING_ENCA_3_REQSET', 'REQUIREMENTSET_TEST_ALL'),
    ('BBG_CITY_HAS_BUILDING_HARB_1_REQSET', 'REQUIREMENTSET_TEST_ALL'),
    ('BBG_CITY_HAS_BUILDING_HARB_2_REQSET', 'REQUIREMENTSET_TEST_ALL'),
    ('BBG_CITY_HAS_BUILDING_HARB_3_REQSET', 'REQUIREMENTSET_TEST_ALL'),
    ('BBG_CITY_HAS_BUILDING_COMM_1_REQSET', 'REQUIREMENTSET_TEST_ALL'),
    ('BBG_CITY_HAS_BUILDING_COMM_2_REQSET', 'REQUIREMENTSET_TEST_ALL'),
    ('BBG_CITY_HAS_BUILDING_COMM_3_REQSET', 'REQUIREMENTSET_TEST_ALL'),
    ('BBG_CITY_HAS_BUILDING_THEA_1_REQSET', 'REQUIREMENTSET_TEST_ALL'),
    ('BBG_CITY_HAS_BUILDING_THEA_2_REQSET', 'REQUIREMENTSET_TEST_ALL'),
    ('BBG_CITY_HAS_BUILDING_THEA_3_REQSET', 'REQUIREMENTSET_TEST_ALL'),
    ('BBG_CITY_HAS_BUILDING_INDU_1_REQSET', 'REQUIREMENTSET_TEST_ALL'),
    ('BBG_CITY_HAS_BUILDING_INDU_2_REQSET', 'REQUIREMENTSET_TEST_ALL'),
    ('BBG_CITY_HAS_BUILDING_INDU_3_REQSET', 'REQUIREMENTSET_TEST_ALL');
INSERT INTO RequirementSetRequirements(RequirementSetId, RequirementId) VALUES
    ('BBG_CITY_HAS_BUILDING_HOLY_1_REQSET', 'BBG_CITY_HAS_BUILDING_HOLY_1_REQ'),
    ('BBG_CITY_HAS_BUILDING_HOLY_2_REQSET', 'BBG_CITY_HAS_BUILDING_HOLY_2_REQ'),
    ('BBG_CITY_HAS_BUILDING_HOLY_3_REQSET', 'BBG_CITY_HAS_BUILDING_HOLY_3_REQ'),
    ('BBG_CITY_HAS_BUILDING_CAMP_1_REQSET', 'BBG_CITY_HAS_BUILDING_CAMP_1_REQ'),
    ('BBG_CITY_HAS_BUILDING_CAMP_2_REQSET', 'BBG_CITY_HAS_BUILDING_CAMP_2_REQ'),
    ('BBG_CITY_HAS_BUILDING_CAMP_3_REQSET', 'BBG_CITY_HAS_BUILDING_CAMP_3_REQ'),
    ('BBG_CITY_HAS_BUILDING_ENCA_1_REQSET', 'BBG_CITY_HAS_BUILDING_ENCA_1_REQ'),
    ('BBG_CITY_HAS_BUILDING_ENCA_2_REQSET', 'BBG_CITY_HAS_BUILDING_ENCA_2_REQ'),
    ('BBG_CITY_HAS_BUILDING_ENCA_3_REQSET', 'BBG_CITY_HAS_BUILDING_ENCA_3_REQ'),
    ('BBG_CITY_HAS_BUILDING_HARB_1_REQSET', 'BBG_CITY_HAS_BUILDING_HARB_1_REQ'),
    ('BBG_CITY_HAS_BUILDING_HARB_2_REQSET', 'BBG_CITY_HAS_BUILDING_HARB_2_REQ'),
    ('BBG_CITY_HAS_BUILDING_HARB_3_REQSET', 'BBG_CITY_HAS_BUILDING_HARB_3_REQ'),
    ('BBG_CITY_HAS_BUILDING_COMM_1_REQSET', 'BBG_CITY_HAS_BUILDING_COMM_1_REQ'),
    ('BBG_CITY_HAS_BUILDING_COMM_2_REQSET', 'BBG_CITY_HAS_BUILDING_COMM_2_REQ'),
    ('BBG_CITY_HAS_BUILDING_COMM_3_REQSET', 'BBG_CITY_HAS_BUILDING_COMM_3_REQ'),
    ('BBG_CITY_HAS_BUILDING_THEA_1_REQSET', 'BBG_CITY_HAS_BUILDING_THEA_1_REQ'),
    ('BBG_CITY_HAS_BUILDING_THEA_2_REQSET', 'BBG_CITY_HAS_BUILDING_THEA_2_REQ'),
    ('BBG_CITY_HAS_BUILDING_THEA_3_REQSET', 'BBG_CITY_HAS_BUILDING_THEA_3_REQ'),
    ('BBG_CITY_HAS_BUILDING_INDU_1_REQSET', 'BBG_CITY_HAS_BUILDING_INDU_1_REQ'),
    ('BBG_CITY_HAS_BUILDING_INDU_2_REQSET', 'BBG_CITY_HAS_BUILDING_INDU_2_REQ'),
    ('BBG_CITY_HAS_BUILDING_INDU_3_REQSET', 'BBG_CITY_HAS_BUILDING_INDU_3_REQ');
--Creating Communism modifiers, that look at these dummies
INSERT INTO Modifiers(ModifierId, ModifierType, SubjectRequirementSetId) VALUES
    ('COMMUNISM_HOLY_1_FAITH_MODIFIER_BBG', 'MODIFIER_PLAYER_CITIES_ADJUST_CITY_YIELD_CHANGE', 'BBG_CITY_HAS_BUILDING_HOLY_1_REQSET'),
    ('COMMUNISM_HOLY_2_FAITH_MODIFIER_BBG', 'MODIFIER_PLAYER_CITIES_ADJUST_CITY_YIELD_CHANGE', 'BBG_CITY_HAS_BUILDING_HOLY_2_REQSET'),
    ('COMMUNISM_HOLY_3_FAITH_MODIFIER_BBG', 'MODIFIER_PLAYER_CITIES_ADJUST_CITY_YIELD_CHANGE', 'BBG_CITY_HAS_BUILDING_HOLY_3_REQSET'),
    ('COMMUNISM_CAMP_1_SCIENCE_MODIFIER_BBG', 'MODIFIER_PLAYER_CITIES_ADJUST_CITY_YIELD_CHANGE', 'BBG_CITY_HAS_BUILDING_CAMP_1_REQSET'),
    ('COMMUNISM_CAMP_2_SCIENCE_MODIFIER_BBG', 'MODIFIER_PLAYER_CITIES_ADJUST_CITY_YIELD_CHANGE', 'BBG_CITY_HAS_BUILDING_CAMP_2_REQSET'),
    ('COMMUNISM_CAMP_3_SCIENCE_MODIFIER_BBG', 'MODIFIER_PLAYER_CITIES_ADJUST_CITY_YIELD_CHANGE', 'BBG_CITY_HAS_BUILDING_CAMP_3_REQSET'),
    ('COMMUNISM_ENCA_1_PRODUCTION_MODIFIER_BBG', 'MODIFIER_PLAYER_CITIES_ADJUST_CITY_YIELD_CHANGE', 'BBG_CITY_HAS_BUILDING_ENCA_1_REQSET'),
    ('COMMUNISM_ENCA_2_PRODUCTION_MODIFIER_BBG', 'MODIFIER_PLAYER_CITIES_ADJUST_CITY_YIELD_CHANGE', 'BBG_CITY_HAS_BUILDING_ENCA_2_REQSET'),
    ('COMMUNISM_ENCA_3_PRODUCTION_MODIFIER_BBG', 'MODIFIER_PLAYER_CITIES_ADJUST_CITY_YIELD_CHANGE', 'BBG_CITY_HAS_BUILDING_ENCA_3_REQSET'),
    ('COMMUNISM_ENCA_1_GOLD_MODIFIER_BBG', 'MODIFIER_PLAYER_CITIES_ADJUST_CITY_YIELD_CHANGE', 'BBG_CITY_HAS_BUILDING_ENCA_1_REQSET'),
    ('COMMUNISM_ENCA_2_GOLD_MODIFIER_BBG', 'MODIFIER_PLAYER_CITIES_ADJUST_CITY_YIELD_CHANGE', 'BBG_CITY_HAS_BUILDING_ENCA_2_REQSET'),
    ('COMMUNISM_ENCA_3_GOLD_MODIFIER_BBG', 'MODIFIER_PLAYER_CITIES_ADJUST_CITY_YIELD_CHANGE', 'BBG_CITY_HAS_BUILDING_ENCA_3_REQSET'),
    ('COMMUNISM_HARB_1_GOLD_MODIFIER_BBG', 'MODIFIER_PLAYER_CITIES_ADJUST_CITY_YIELD_CHANGE', 'BBG_CITY_HAS_BUILDING_HARB_1_REQSET'),
    ('COMMUNISM_HARB_2_GOLD_MODIFIER_BBG', 'MODIFIER_PLAYER_CITIES_ADJUST_CITY_YIELD_CHANGE', 'BBG_CITY_HAS_BUILDING_HARB_2_REQSET'),
    ('COMMUNISM_HARB_3_GOLD_MODIFIER_BBG', 'MODIFIER_PLAYER_CITIES_ADJUST_CITY_YIELD_CHANGE', 'BBG_CITY_HAS_BUILDING_HARB_3_REQSET'),
    ('COMMUNISM_HARB_1_FOOD_MODIFIER_BBG', 'MODIFIER_PLAYER_CITIES_ADJUST_CITY_YIELD_CHANGE', 'BBG_CITY_HAS_BUILDING_HARB_1_REQSET'),
    ('COMMUNISM_HARB_2_FOOD_MODIFIER_BBG', 'MODIFIER_PLAYER_CITIES_ADJUST_CITY_YIELD_CHANGE', 'BBG_CITY_HAS_BUILDING_HARB_2_REQSET'),
    ('COMMUNISM_HARB_3_FOOD_MODIFIER_BBG', 'MODIFIER_PLAYER_CITIES_ADJUST_CITY_YIELD_CHANGE', 'BBG_CITY_HAS_BUILDING_HARB_3_REQSET'),
    ('COMMUNISM_COMM_1_GOLD_MODIFIER_BBG', 'MODIFIER_PLAYER_CITIES_ADJUST_CITY_YIELD_CHANGE', 'BBG_CITY_HAS_BUILDING_COMM_1_REQSET'),
    ('COMMUNISM_COMM_2_GOLD_MODIFIER_BBG', 'MODIFIER_PLAYER_CITIES_ADJUST_CITY_YIELD_CHANGE', 'BBG_CITY_HAS_BUILDING_COMM_2_REQSET'),
    ('COMMUNISM_COMM_3_GOLD_MODIFIER_BBG', 'MODIFIER_PLAYER_CITIES_ADJUST_CITY_YIELD_CHANGE', 'BBG_CITY_HAS_BUILDING_COMM_3_REQSET'),
    ('COMMUNISM_THEA_1_CULTURE_MODIFIER_BBG', 'MODIFIER_PLAYER_CITIES_ADJUST_CITY_YIELD_CHANGE', 'BBG_CITY_HAS_BUILDING_THEA_1_REQSET'),
    ('COMMUNISM_THEA_2_CULTURE_MODIFIER_BBG', 'MODIFIER_PLAYER_CITIES_ADJUST_CITY_YIELD_CHANGE', 'BBG_CITY_HAS_BUILDING_THEA_2_REQSET'),
    ('COMMUNISM_THEA_3_CULTURE_MODIFIER_BBG', 'MODIFIER_PLAYER_CITIES_ADJUST_CITY_YIELD_CHANGE', 'BBG_CITY_HAS_BUILDING_THEA_3_REQSET'),
    ('COMMUNISM_INDU_1_PRODUCTION_MODIFIER_BBG', 'MODIFIER_PLAYER_CITIES_ADJUST_CITY_YIELD_CHANGE', 'BBG_CITY_HAS_BUILDING_INDU_1_REQSET'),
    ('COMMUNISM_INDU_2_PRODUCTION_MODIFIER_BBG', 'MODIFIER_PLAYER_CITIES_ADJUST_CITY_YIELD_CHANGE', 'BBG_CITY_HAS_BUILDING_INDU_2_REQSET'),
    ('COMMUNISM_INDU_3_PRODUCTION_MODIFIER_BBG', 'MODIFIER_PLAYER_CITIES_ADJUST_CITY_YIELD_CHANGE', 'BBG_CITY_HAS_BUILDING_INDU_3_REQSET');
INSERT INTO ModifierArguments(ModifierId, Name, Value) VALUES
    ('COMMUNISM_HOLY_1_FAITH_MODIFIER_BBG', 'YieldType', 'YIELD_FAITH'),
    ('COMMUNISM_HOLY_1_FAITH_MODIFIER_BBG', 'Amount', '1'),
    ('COMMUNISM_HOLY_2_FAITH_MODIFIER_BBG', 'YieldType', 'YIELD_FAITH'),
    ('COMMUNISM_HOLY_2_FAITH_MODIFIER_BBG', 'Amount', '1'),
    ('COMMUNISM_HOLY_3_FAITH_MODIFIER_BBG', 'YieldType', 'YIELD_FAITH'),
    ('COMMUNISM_HOLY_3_FAITH_MODIFIER_BBG', 'Amount', '1'),
    ('COMMUNISM_CAMP_1_SCIENCE_MODIFIER_BBG', 'YieldType', 'YIELD_SCIENCE'),
    ('COMMUNISM_CAMP_1_SCIENCE_MODIFIER_BBG', 'Amount', '1'),
    ('COMMUNISM_CAMP_2_SCIENCE_MODIFIER_BBG', 'YieldType', 'YIELD_SCIENCE'),
    ('COMMUNISM_CAMP_2_SCIENCE_MODIFIER_BBG', 'Amount', '1'),
    ('COMMUNISM_CAMP_3_SCIENCE_MODIFIER_BBG', 'YieldType', 'YIELD_SCIENCE'),
    ('COMMUNISM_CAMP_3_SCIENCE_MODIFIER_BBG', 'Amount', '1'),
    ('COMMUNISM_ENCA_1_PRODUCTION_MODIFIER_BBG', 'YieldType', 'YIELD_PRODUCTION'),
    ('COMMUNISM_ENCA_1_PRODUCTION_MODIFIER_BBG', 'Amount', '1'),
    ('COMMUNISM_ENCA_2_PRODUCTION_MODIFIER_BBG', 'YieldType', 'YIELD_PRODUCTION'),
    ('COMMUNISM_ENCA_2_PRODUCTION_MODIFIER_BBG', 'Amount', '1'),
    ('COMMUNISM_ENCA_3_PRODUCTION_MODIFIER_BBG', 'YieldType', 'YIELD_PRODUCTION'),
    ('COMMUNISM_ENCA_3_PRODUCTION_MODIFIER_BBG', 'Amount', '1'),
    ('COMMUNISM_ENCA_1_GOLD_MODIFIER_BBG', 'YieldType', 'YIELD_GOLD'),
    ('COMMUNISM_ENCA_1_GOLD_MODIFIER_BBG', 'Amount', '1'),
    ('COMMUNISM_ENCA_2_GOLD_MODIFIER_BBG', 'YieldType', 'YIELD_GOLD'),
    ('COMMUNISM_ENCA_2_GOLD_MODIFIER_BBG', 'Amount', '1'),
    ('COMMUNISM_ENCA_3_GOLD_MODIFIER_BBG', 'YieldType', 'YIELD_GOLD'),
    ('COMMUNISM_ENCA_3_GOLD_MODIFIER_BBG', 'Amount', '1'),
    ('COMMUNISM_HARB_1_GOLD_MODIFIER_BBG', 'YieldType', 'YIELD_GOLD'),
    ('COMMUNISM_HARB_1_GOLD_MODIFIER_BBG', 'Amount', '1'),
    ('COMMUNISM_HARB_2_GOLD_MODIFIER_BBG', 'YieldType', 'YIELD_GOLD'),
    ('COMMUNISM_HARB_2_GOLD_MODIFIER_BBG', 'Amount', '1'),
    ('COMMUNISM_HARB_3_GOLD_MODIFIER_BBG', 'YieldType', 'YIELD_GOLD'),
    ('COMMUNISM_HARB_3_GOLD_MODIFIER_BBG', 'Amount', '1'),
    ('COMMUNISM_HARB_1_FOOD_MODIFIER_BBG', 'YieldType', 'YIELD_FOOD'),
    ('COMMUNISM_HARB_1_FOOD_MODIFIER_BBG', 'Amount', '1'),
    ('COMMUNISM_HARB_2_FOOD_MODIFIER_BBG', 'YieldType', 'YIELD_FOOD'),
    ('COMMUNISM_HARB_2_FOOD_MODIFIER_BBG', 'Amount', '1'),
    ('COMMUNISM_HARB_3_FOOD_MODIFIER_BBG', 'YieldType', 'YIELD_FOOD'),
    ('COMMUNISM_HARB_3_FOOD_MODIFIER_BBG', 'Amount', '1'),
    ('COMMUNISM_COMM_1_GOLD_MODIFIER_BBG', 'YieldType', 'YIELD_GOLD'),
    ('COMMUNISM_COMM_1_GOLD_MODIFIER_BBG', 'Amount', '1'),
    ('COMMUNISM_COMM_2_GOLD_MODIFIER_BBG', 'YieldType', 'YIELD_GOLD'),
    ('COMMUNISM_COMM_2_GOLD_MODIFIER_BBG', 'Amount', '1'),
    ('COMMUNISM_COMM_3_GOLD_MODIFIER_BBG', 'YieldType', 'YIELD_GOLD'),
    ('COMMUNISM_COMM_3_GOLD_MODIFIER_BBG', 'Amount', '1'),
    ('COMMUNISM_THEA_1_CULTURE_MODIFIER_BBG', 'YieldType', 'YIELD_CULTURE'),
    ('COMMUNISM_THEA_1_CULTURE_MODIFIER_BBG', 'Amount', '1'),
    ('COMMUNISM_THEA_2_CULTURE_MODIFIER_BBG', 'YieldType', 'YIELD_CULTURE'),
    ('COMMUNISM_THEA_2_CULTURE_MODIFIER_BBG', 'Amount', '1'),
    ('COMMUNISM_THEA_3_CULTURE_MODIFIER_BBG', 'YieldType', 'YIELD_CULTURE'),
    ('COMMUNISM_THEA_3_CULTURE_MODIFIER_BBG', 'Amount', '1'),
    ('COMMUNISM_INDU_1_PRODUCTION_MODIFIER_BBG', 'YieldType', 'YIELD_PRODUCTION'),
    ('COMMUNISM_INDU_1_PRODUCTION_MODIFIER_BBG', 'Amount', '1'),
    ('COMMUNISM_INDU_2_PRODUCTION_MODIFIER_BBG', 'YieldType', 'YIELD_PRODUCTION'),
    ('COMMUNISM_INDU_2_PRODUCTION_MODIFIER_BBG', 'Amount', '1'),
    ('COMMUNISM_INDU_3_PRODUCTION_MODIFIER_BBG', 'YieldType', 'YIELD_PRODUCTION'),
    ('COMMUNISM_INDU_3_PRODUCTION_MODIFIER_BBG', 'Amount', '1');
--Attaching These modifiers to communism and communism legacy
INSERT INTO GovernmentModifiers(GovernmentType, ModifierId)
    SELECT 'GOVERNMENT_COMMUNISM', Modifiers.ModifierId
    FROM Modifiers WHERE ModifierId LIKE 'COMMUNISM%MODIFIER_BBG';
INSERT INTO PolicyModifiers(PolicyType, ModifierId)
    SELECT 'POLICY_GOV_COMMUNISM', Modifiers.ModifierId
    FROM Modifiers WHERE ModifierId LIKE 'COMMUNISM%MODIFIER_BBG';
