--====Summer====--
--moved from base because alliance levels didn't exist
-- 16/05/2021: +1 military power per alliance level (on better alliance)
-- 30/11/24 Removed 
INSERT INTO Modifiers(ModifierId, ModifierType, OwnerRequirementSetId, SubjectRequirementSetId) VALUES
    ('BBG_SUMMER_COMBAT_ALLY_1', 'MODIFIER_PLAYER_UNITS_ADJUST_COMBAT_STRENGTH', 'BBG_PLAYER_IS_ALLY_EXCLUSIVE_LEVEL_1', NULL),
    ('BBG_SUMMER_COMBAT_ALLY_2', 'MODIFIER_PLAYER_UNITS_ADJUST_COMBAT_STRENGTH', 'BBG_PLAYER_IS_ALLY_EXCLUSIVE_LEVEL_2', NULL),
    ('BBG_SUMMER_COMBAT_ALLY_3', 'MODIFIER_PLAYER_UNITS_ADJUST_COMBAT_STRENGTH', 'BBG_PLAYER_IS_ALLY_EXCLUSIVE_LEVEL_3', NULL);

INSERT INTO ModifierArguments(ModifierId, Name, Value) VALUES
    ('BBG_SUMMER_COMBAT_ALLY_1', 'Amount', 1),
    ('BBG_SUMMER_COMBAT_ALLY_2', 'Amount', 2),
    ('BBG_SUMMER_COMBAT_ALLY_3', 'Amount', 3);

INSERT INTO ModifierStrings(ModifierId, Context, Text) VALUES
    ('BBG_SUMMER_COMBAT_ALLY_1', 'Preview', 'LOC_BBG_SUMMER_COMBAT_ALLY_1'),
    ('BBG_SUMMER_COMBAT_ALLY_2', 'Preview', 'LOC_BBG_SUMMER_COMBAT_ALLY_2'),
    ('BBG_SUMMER_COMBAT_ALLY_3', 'Preview', 'LOC_BBG_SUMMER_COMBAT_ALLY_3');

-- INSERT INTO TraitModifiers(TraitType, ModifierId) VALUES
--     ('TRAIT_LEADER_ADVENTURES_ENKIDU', 'BBG_SUMMER_COMBAT_ALLY_1'),
--     ('TRAIT_LEADER_ADVENTURES_ENKIDU', 'BBG_SUMMER_COMBAT_ALLY_2'),
--     ('TRAIT_LEADER_ADVENTURES_ENKIDU', 'BBG_SUMMER_COMBAT_ALLY_3');

INSERT INTO RequirementSets(RequirementSetId , RequirementSetType) VALUES
    ('BBG_PLAYER_IS_ALLY_EXCLUSIVE_LEVEL_1', 'REQUIREMENTSET_TEST_ALL'),
    ('BBG_PLAYER_IS_ALLY_EXCLUSIVE_LEVEL_2', 'REQUIREMENTSET_TEST_ALL'),
    ('BBG_PLAYER_IS_ALLY_EXCLUSIVE_LEVEL_3', 'REQUIREMENTSET_TEST_ALL');

INSERT INTO RequirementSetRequirements(RequirementSetId , RequirementId) VALUES
  ('BBG_PLAYER_IS_ALLY_EXCLUSIVE_LEVEL_1', 'REQUIRES_PLAYER_IS_ALLY_LEVEL_1'),
  ('BBG_PLAYER_IS_ALLY_EXCLUSIVE_LEVEL_1', 'BBG_PLAYER_IS_NOT_ALLY_LEVEL_2'),
  ('BBG_PLAYER_IS_ALLY_EXCLUSIVE_LEVEL_2', 'REQUIRES_PLAYER_IS_ALLY_LEVEL_2'),
  ('BBG_PLAYER_IS_ALLY_EXCLUSIVE_LEVEL_2', 'BBG_PLAYER_IS_NOT_ALLY_LEVEL_3'),
  ('BBG_PLAYER_IS_ALLY_EXCLUSIVE_LEVEL_3', 'REQUIRES_PLAYER_IS_ALLY_LEVEL_3');

INSERT INTO Requirements(RequirementId , RequirementType, Inverse) VALUES
  ('BBG_PLAYER_IS_NOT_ALLY_LEVEL_2', 'REQUIREMENT_PLAYER_HAS_ACTIVE_ALLIANCE_OF_AT_LEAST_LEVEL', 1),
  ('BBG_PLAYER_IS_NOT_ALLY_LEVEL_3', 'REQUIREMENT_PLAYER_HAS_ACTIVE_ALLIANCE_OF_AT_LEAST_LEVEL', 1);

INSERT INTO RequirementArguments(RequirementId , Name, Value) VALUES
  ('BBG_PLAYER_IS_NOT_ALLY_LEVEL_2', 'Level', '2'),
  ('BBG_PLAYER_IS_NOT_ALLY_LEVEL_3', 'Level', '3');
