--=============
--== WONDERS ==
--=============

-- cristo gets 1 relic + reduce cost
INSERT OR IGNORE INTO Modifiers (ModifierId , ModifierType , RunOnce , Permanent)
	VALUES ('WONDER_GRANT_RELIC_BBG' , 'MODIFIER_PLAYER_GRANT_RELIC' , 1 , 1);	
INSERT OR IGNORE INTO ModifierArguments (ModifierId , Name , Value)
	VALUES ('WONDER_GRANT_RELIC_BBG' , 'Amount' , '1');
INSERT OR IGNORE INTO BuildingModifiers (BuildingType, ModifierId) VALUES
	('BUILDING_CRISTO_REDENTOR', 'WONDER_GRANT_RELIC_BBG');

UPDATE Buildings SET Cost=1220 WHERE BuildingType='BUILDING_CRISTO_REDENTOR';

-- Hanging Gardens gives +1 housing to cities within 6 tiles
UPDATE Buildings SET Housing='1' WHERE BuildingType='BUILDING_HANGING_GARDENS';
INSERT OR IGNORE INTO BuildingModifiers (BuildingType , ModifierId)
	VALUES ('BUILDING_HANGING_GARDENS' , 'HANGING_GARDENS_REGIONAL_HOUSING');
INSERT OR IGNORE INTO Modifiers (ModifierId , ModifierType, SubjectRequirementSetId)
	VALUES ('HANGING_GARDENS_REGIONAL_HOUSING' , 'MODIFIER_PLAYER_CITIES_ADJUST_BUILDING_HOUSING' , 'HANGING_GARDENS_REGIONAL_HOUSING_REQUIREMENTS');
INSERT OR IGNORE INTO ModifierArguments (ModifierId , Name , Value)
	VALUES ('HANGING_GARDENS_REGIONAL_HOUSING' , 'Amount' , '1');
INSERT OR IGNORE INTO RequirementSets (RequirementSetId , RequirementSetType)
	VALUES ('HANGING_GARDENS_REGIONAL_HOUSING_REQUIREMENTS' , 'REQUIREMENTSET_TEST_ANY');
INSERT OR IGNORE INTO RequirementSetRequirements (RequirementSetId , RequirementId)
	VALUES ('HANGING_GARDENS_REGIONAL_HOUSING_REQUIREMENTS' , 'REQUIRES_PLOT_HAS_HANGING_GARDENS_WITHIN_6');
INSERT OR IGNORE INTO Requirements (RequirementId , RequirementType)
	VALUES ('REQUIRES_PLOT_HAS_HANGING_GARDENS_WITHIN_6' , 'REQUIREMENT_PLOT_ADJACENT_BUILDING_TYPE_MATCHES');
INSERT OR IGNORE INTO RequirementArguments (RequirementId , Name , Value)
	VALUES ('REQUIRES_PLOT_HAS_HANGING_GARDENS_WITHIN_6' , 'BuildingType' ,'BUILDING_HANGING_GARDENS');
INSERT OR IGNORE INTO RequirementArguments (RequirementId , Name , Value)
	VALUES ('REQUIRES_PLOT_HAS_HANGING_GARDENS_WITHIN_6' , 'MaxRange' ,'6');
INSERT OR IGNORE INTO RequirementArguments (RequirementId , Name , Value)
	VALUES ('REQUIRES_PLOT_HAS_HANGING_GARDENS_WITHIN_6' , 'MinRange' ,'0');

-- Great Library unlocks at Drama & Poetry instead of Recorded History
UPDATE Buildings SET PrereqCivic='CIVIC_DRAMA_POETRY' WHERE BuildingType='BUILDING_GREAT_LIBRARY';

-- Venetian Arsenal gives 80% production boost to all naval units in all cities instead of an extra naval unit in its city each time you build one
DELETE FROM BuildingModifiers WHERE	BuildingType='BUILDING_VENETIAN_ARSENAL';

INSERT OR IGNORE INTO Modifiers (ModifierId, ModifierType, RunOnce, NewOnly, Permanent)
VALUES ('ANCIENT_NAVAL_MELEE_PRODUCTION', 'MODIFIER_PLAYER_CITIES_ADJUST_UNIT_TAG_ERA_PRODUCTION', 0, 0, 0);
INSERT OR IGNORE INTO ModifierArguments (ModifierId, Name, Type, Value)
VALUES ('ANCIENT_NAVAL_MELEE_PRODUCTION', 'EraType', 'ARGTYPE_IDENTITY', 'ERA_ANCIENT');
INSERT OR IGNORE INTO ModifierArguments (ModifierId, Name, Type, Value)
VALUES ('ANCIENT_NAVAL_MELEE_PRODUCTION', 'UnitPromotionClass', 'ARGTYPE_IDENTITY', 'PROMOTION_CLASS_NAVAL_MELEE');
INSERT OR IGNORE INTO ModifierArguments (ModifierId, Name, Type, Value)
VALUES ('ANCIENT_NAVAL_MELEE_PRODUCTION', 'Amount', 'ARGTYPE_IDENTITY', '75');
INSERT OR IGNORE INTO Modifiers (ModifierId, ModifierType, RunOnce, NewOnly, Permanent)
VALUES ('ATOMIC_NAVAL_MELEE_PRODUCTION', 'MODIFIER_PLAYER_CITIES_ADJUST_UNIT_TAG_ERA_PRODUCTION', 0, 0, 0);
INSERT OR IGNORE INTO ModifierArguments (ModifierId, Name, Type, Value)
VALUES ('ATOMIC_NAVAL_MELEE_PRODUCTION', 'EraType', 'ARGTYPE_IDENTITY', 'ERA_ATOMIC');
INSERT OR IGNORE INTO ModifierArguments (ModifierId, Name, Type, Value)
VALUES ('ATOMIC_NAVAL_MELEE_PRODUCTION', 'UnitPromotionClass', 'ARGTYPE_IDENTITY', 'PROMOTION_CLASS_NAVAL_MELEE');
INSERT OR IGNORE INTO ModifierArguments (ModifierId, Name, Type, Value)
VALUES ('ATOMIC_NAVAL_MELEE_PRODUCTION', 'Amount', 'ARGTYPE_IDENTITY', '75');
INSERT OR IGNORE INTO Modifiers (ModifierId, ModifierType, RunOnce, NewOnly, Permanent)
VALUES ('CLASSICAL_NAVAL_MELEE_PRODUCTION', 'MODIFIER_PLAYER_CITIES_ADJUST_UNIT_TAG_ERA_PRODUCTION', 0, 0, 0);
INSERT OR IGNORE INTO ModifierArguments (ModifierId, Name, Type, Value)
VALUES ('CLASSICAL_NAVAL_MELEE_PRODUCTION', 'EraType', 'ARGTYPE_IDENTITY', 'ERA_CLASSICAL');
INSERT OR IGNORE INTO ModifierArguments (ModifierId, Name, Type, Value)
VALUES ('CLASSICAL_NAVAL_MELEE_PRODUCTION', 'UnitPromotionClass', 'ARGTYPE_IDENTITY', 'PROMOTION_CLASS_NAVAL_MELEE');
INSERT OR IGNORE INTO ModifierArguments (ModifierId, Name, Type, Value)
VALUES ('CLASSICAL_NAVAL_MELEE_PRODUCTION', 'Amount', 'ARGTYPE_IDENTITY', '75');
INSERT OR IGNORE INTO Modifiers (ModifierId, ModifierType, RunOnce, NewOnly, Permanent)
VALUES ('INDUSTRIAL_NAVAL_MELEE_PRODUCTION', 'MODIFIER_PLAYER_CITIES_ADJUST_UNIT_TAG_ERA_PRODUCTION', 0, 0, 0);
INSERT OR IGNORE INTO ModifierArguments (ModifierId, Name, Type, Value)
VALUES ('INDUSTRIAL_NAVAL_MELEE_PRODUCTION', 'EraType', 'ARGTYPE_IDENTITY', 'ERA_INDUSTRIAL');
INSERT OR IGNORE INTO ModifierArguments (ModifierId, Name, Type, Value)
VALUES ('INDUSTRIAL_NAVAL_MELEE_PRODUCTION', 'UnitPromotionClass', 'ARGTYPE_IDENTITY', 'PROMOTION_CLASS_NAVAL_MELEE');
INSERT OR IGNORE INTO ModifierArguments (ModifierId, Name, Type, Value)
VALUES ('INDUSTRIAL_NAVAL_MELEE_PRODUCTION', 'Amount', 'ARGTYPE_IDENTITY', '75');
INSERT OR IGNORE INTO Modifiers (ModifierId, ModifierType, RunOnce, NewOnly, Permanent)
VALUES ('INFORMATION_NAVAL_MELEE_PRODUCTION', 'MODIFIER_PLAYER_CITIES_ADJUST_UNIT_TAG_ERA_PRODUCTION', 0, 0, 0);
INSERT OR IGNORE INTO ModifierArguments (ModifierId, Name, Type, Value)
VALUES ('INFORMATION_NAVAL_MELEE_PRODUCTION', 'EraType', 'ARGTYPE_IDENTITY', 'ERA_INFORMATION');
INSERT OR IGNORE INTO ModifierArguments (ModifierId, Name, Type, Value)
VALUES ('INFORMATION_NAVAL_MELEE_PRODUCTION', 'UnitPromotionClass', 'ARGTYPE_IDENTITY', 'PROMOTION_CLASS_NAVAL_MELEE');
INSERT OR IGNORE INTO ModifierArguments (ModifierId, Name, Type, Value)
VALUES ('INFORMATION_NAVAL_MELEE_PRODUCTION', 'Amount', 'ARGTYPE_IDENTITY', '75');
INSERT OR IGNORE INTO Modifiers (ModifierId, ModifierType, RunOnce, NewOnly, Permanent)
VALUES ('MEDIEVAL_NAVAL_MELEE_PRODUCTION', 'MODIFIER_PLAYER_CITIES_ADJUST_UNIT_TAG_ERA_PRODUCTION', 0, 0, 0);
INSERT OR IGNORE INTO ModifierArguments (ModifierId, Name, Type, Value)
VALUES ('MEDIEVAL_NAVAL_MELEE_PRODUCTION', 'EraType', 'ARGTYPE_IDENTITY', 'ERA_MEDIEVAL');
INSERT OR IGNORE INTO ModifierArguments (ModifierId, Name, Type, Value)
VALUES ('MEDIEVAL_NAVAL_MELEE_PRODUCTION', 'UnitPromotionClass', 'ARGTYPE_IDENTITY', 'PROMOTION_CLASS_NAVAL_MELEE');
INSERT OR IGNORE INTO ModifierArguments (ModifierId, Name, Type, Value)
VALUES ('MEDIEVAL_NAVAL_MELEE_PRODUCTION', 'Amount', 'ARGTYPE_IDENTITY', '75');
INSERT OR IGNORE INTO Modifiers (ModifierId, ModifierType, RunOnce, NewOnly, Permanent)
VALUES ('MODERN_NAVAL_MELEE_PRODUCTION', 'MODIFIER_PLAYER_CITIES_ADJUST_UNIT_TAG_ERA_PRODUCTION', 0, 0, 0);
INSERT OR IGNORE INTO ModifierArguments (ModifierId, Name, Type, Value)
VALUES ('MODERN_NAVAL_MELEE_PRODUCTION', 'EraType', 'ARGTYPE_IDENTITY', 'ERA_MODERN');
INSERT OR IGNORE INTO ModifierArguments (ModifierId, Name, Type, Value)
VALUES ('MODERN_NAVAL_MELEE_PRODUCTION', 'UnitPromotionClass', 'ARGTYPE_IDENTITY', 'PROMOTION_CLASS_NAVAL_MELEE');
INSERT OR IGNORE INTO ModifierArguments (ModifierId, Name, Type, Value)
VALUES ('MODERN_NAVAL_MELEE_PRODUCTION', 'Amount', 'ARGTYPE_IDENTITY', '75');
INSERT OR IGNORE INTO Modifiers (ModifierId, ModifierType, RunOnce, NewOnly, Permanent)
VALUES ('RENAISSANCE_NAVAL_MELEE_PRODUCTION', 'MODIFIER_PLAYER_CITIES_ADJUST_UNIT_TAG_ERA_PRODUCTION', 0, 0, 0);
INSERT OR IGNORE INTO ModifierArguments (ModifierId, Name, Type, Value)
VALUES ('RENAISSANCE_NAVAL_MELEE_PRODUCTION', 'EraType', 'ARGTYPE_IDENTITY', 'ERA_RENAISSANCE');
INSERT OR IGNORE INTO ModifierArguments (ModifierId, Name, Type, Value)
VALUES ('RENAISSANCE_NAVAL_MELEE_PRODUCTION', 'UnitPromotionClass', 'ARGTYPE_IDENTITY', 'PROMOTION_CLASS_NAVAL_MELEE');
INSERT OR IGNORE INTO ModifierArguments (ModifierId, Name, Type, Value)
VALUES ('RENAISSANCE_NAVAL_MELEE_PRODUCTION', 'Amount', 'ARGTYPE_IDENTITY', '75');

INSERT OR IGNORE INTO Modifiers (ModifierId, ModifierType, RunOnce, NewOnly, Permanent)
VALUES ('ANCIENT_NAVAL_RANGED_PRODUCTION', 'MODIFIER_PLAYER_CITIES_ADJUST_UNIT_TAG_ERA_PRODUCTION', 0, 0, 0);
INSERT OR IGNORE INTO ModifierArguments (ModifierId, Name, Type, Value)
VALUES ('ANCIENT_NAVAL_RANGED_PRODUCTION', 'EraType', 'ARGTYPE_IDENTITY', 'ERA_ANCIENT');
INSERT OR IGNORE INTO ModifierArguments (ModifierId, Name, Type, Value)
VALUES ('ANCIENT_NAVAL_RANGED_PRODUCTION', 'UnitPromotionClass', 'ARGTYPE_IDENTITY', 'PROMOTION_CLASS_NAVAL_RANGED');
INSERT OR IGNORE INTO ModifierArguments (ModifierId, Name, Type, Value)
VALUES ('ANCIENT_NAVAL_RANGED_PRODUCTION', 'Amount', 'ARGTYPE_IDENTITY', '75');
INSERT OR IGNORE INTO Modifiers (ModifierId, ModifierType, RunOnce, NewOnly, Permanent)
VALUES ('ATOMIC_NAVAL_RANGED_PRODUCTION', 'MODIFIER_PLAYER_CITIES_ADJUST_UNIT_TAG_ERA_PRODUCTION', 0, 0, 0);
INSERT OR IGNORE INTO ModifierArguments (ModifierId, Name, Type, Value)
VALUES ('ATOMIC_NAVAL_RANGED_PRODUCTION', 'EraType', 'ARGTYPE_IDENTITY', 'ERA_ATOMIC');
INSERT OR IGNORE INTO ModifierArguments (ModifierId, Name, Type, Value)
VALUES ('ATOMIC_NAVAL_RANGED_PRODUCTION', 'UnitPromotionClass', 'ARGTYPE_IDENTITY', 'PROMOTION_CLASS_NAVAL_RANGED');
INSERT OR IGNORE INTO ModifierArguments (ModifierId, Name, Type, Value)
VALUES ('ATOMIC_NAVAL_RANGED_PRODUCTION', 'Amount', 'ARGTYPE_IDENTITY', '75');
INSERT OR IGNORE INTO Modifiers (ModifierId, ModifierType, RunOnce, NewOnly, Permanent)
VALUES ('CLASSICAL_NAVAL_RANGED_PRODUCTION', 'MODIFIER_PLAYER_CITIES_ADJUST_UNIT_TAG_ERA_PRODUCTION', 0, 0, 0);
INSERT OR IGNORE INTO ModifierArguments (ModifierId, Name, Type, Value)
VALUES ('CLASSICAL_NAVAL_RANGED_PRODUCTION', 'EraType', 'ARGTYPE_IDENTITY', 'ERA_CLASSICAL');
INSERT OR IGNORE INTO ModifierArguments (ModifierId, Name, Type, Value)
VALUES ('CLASSICAL_NAVAL_RANGED_PRODUCTION', 'UnitPromotionClass', 'ARGTYPE_IDENTITY', 'PROMOTION_CLASS_NAVAL_RANGED');
INSERT OR IGNORE INTO ModifierArguments (ModifierId, Name, Type, Value)
VALUES ('CLASSICAL_NAVAL_RANGED_PRODUCTION', 'Amount', 'ARGTYPE_IDENTITY', '75');
INSERT OR IGNORE INTO Modifiers (ModifierId, ModifierType, RunOnce, NewOnly, Permanent)
VALUES ('INDUSTRIAL_NAVAL_RANGED_PRODUCTION', 'MODIFIER_PLAYER_CITIES_ADJUST_UNIT_TAG_ERA_PRODUCTION', 0, 0, 0);
INSERT OR IGNORE INTO ModifierArguments (ModifierId, Name, Type, Value)
VALUES ('INDUSTRIAL_NAVAL_RANGED_PRODUCTION', 'EraType', 'ARGTYPE_IDENTITY', 'ERA_INDUSTRIAL');
INSERT OR IGNORE INTO ModifierArguments (ModifierId, Name, Type, Value)
VALUES ('INDUSTRIAL_NAVAL_RANGED_PRODUCTION', 'UnitPromotionClass', 'ARGTYPE_IDENTITY', 'PROMOTION_CLASS_NAVAL_RANGED');
INSERT OR IGNORE INTO ModifierArguments (ModifierId, Name, Type, Value)
VALUES ('INDUSTRIAL_NAVAL_RANGED_PRODUCTION', 'Amount', 'ARGTYPE_IDENTITY', '75');
INSERT OR IGNORE INTO Modifiers (ModifierId, ModifierType, RunOnce, NewOnly, Permanent)
VALUES ('INFORMATION_NAVAL_RANGED_PRODUCTION', 'MODIFIER_PLAYER_CITIES_ADJUST_UNIT_TAG_ERA_PRODUCTION', 0, 0, 0);
INSERT OR IGNORE INTO ModifierArguments (ModifierId, Name, Type, Value)
VALUES ('INFORMATION_NAVAL_RANGED_PRODUCTION', 'EraType', 'ARGTYPE_IDENTITY', 'ERA_INFORMATION');
INSERT OR IGNORE INTO ModifierArguments (ModifierId, Name, Type, Value)
VALUES ('INFORMATION_NAVAL_RANGED_PRODUCTION', 'UnitPromotionClass', 'ARGTYPE_IDENTITY', 'PROMOTION_CLASS_NAVAL_RANGED');
INSERT OR IGNORE INTO ModifierArguments (ModifierId, Name, Type, Value)
VALUES ('INFORMATION_NAVAL_RANGED_PRODUCTION', 'Amount', 'ARGTYPE_IDENTITY', '75');
INSERT OR IGNORE INTO Modifiers (ModifierId, ModifierType, RunOnce, NewOnly, Permanent)
VALUES ('MEDIEVAL_NAVAL_RANGED_PRODUCTION', 'MODIFIER_PLAYER_CITIES_ADJUST_UNIT_TAG_ERA_PRODUCTION', 0, 0, 0);
INSERT OR IGNORE INTO ModifierArguments (ModifierId, Name, Type, Value)
VALUES ('MEDIEVAL_NAVAL_RANGED_PRODUCTION', 'EraType', 'ARGTYPE_IDENTITY', 'ERA_MEDIEVAL');
INSERT OR IGNORE INTO ModifierArguments (ModifierId, Name, Type, Value)
VALUES ('MEDIEVAL_NAVAL_RANGED_PRODUCTION', 'UnitPromotionClass', 'ARGTYPE_IDENTITY', 'PROMOTION_CLASS_NAVAL_RANGED');
INSERT OR IGNORE INTO ModifierArguments (ModifierId, Name, Type, Value)
VALUES ('MEDIEVAL_NAVAL_RANGED_PRODUCTION', 'Amount', 'ARGTYPE_IDENTITY', '75');
INSERT OR IGNORE INTO Modifiers (ModifierId, ModifierType, RunOnce, NewOnly, Permanent)
VALUES ('MODERN_NAVAL_RANGED_PRODUCTION', 'MODIFIER_PLAYER_CITIES_ADJUST_UNIT_TAG_ERA_PRODUCTION', 0, 0, 0);
INSERT OR IGNORE INTO ModifierArguments (ModifierId, Name, Type, Value)
VALUES ('MODERN_NAVAL_RANGED_PRODUCTION', 'EraType', 'ARGTYPE_IDENTITY', 'ERA_MODERN');
INSERT OR IGNORE INTO ModifierArguments (ModifierId, Name, Type, Value)
VALUES ('MODERN_NAVAL_RANGED_PRODUCTION', 'UnitPromotionClass', 'ARGTYPE_IDENTITY', 'PROMOTION_CLASS_NAVAL_RANGED');
INSERT OR IGNORE INTO ModifierArguments (ModifierId, Name, Type, Value)
VALUES ('MODERN_NAVAL_RANGED_PRODUCTION', 'Amount', 'ARGTYPE_IDENTITY', '75');
INSERT OR IGNORE INTO Modifiers (ModifierId, ModifierType, RunOnce, NewOnly, Permanent)
VALUES ('RENAISSANCE_NAVAL_RANGED_PRODUCTION', 'MODIFIER_PLAYER_CITIES_ADJUST_UNIT_TAG_ERA_PRODUCTION', 0, 0, 0);
INSERT OR IGNORE INTO ModifierArguments (ModifierId, Name, Type, Value)
VALUES ('RENAISSANCE_NAVAL_RANGED_PRODUCTION', 'EraType', 'ARGTYPE_IDENTITY', 'ERA_RENAISSANCE');
INSERT OR IGNORE INTO ModifierArguments (ModifierId, Name, Type, Value)
VALUES ('RENAISSANCE_NAVAL_RANGED_PRODUCTION', 'UnitPromotionClass', 'ARGTYPE_IDENTITY', 'PROMOTION_CLASS_NAVAL_RANGED');
INSERT OR IGNORE INTO ModifierArguments (ModifierId, Name, Type, Value)
VALUES ('RENAISSANCE_NAVAL_RANGED_PRODUCTION', 'Amount', 'ARGTYPE_IDENTITY', '75');

INSERT OR IGNORE INTO Modifiers (ModifierId, ModifierType, RunOnce, NewOnly, Permanent)
VALUES ('ANCIENT_NAVAL_RAIDER_PRODUCTION', 'MODIFIER_PLAYER_CITIES_ADJUST_UNIT_TAG_ERA_PRODUCTION', 0, 0, 0);
INSERT OR IGNORE INTO ModifierArguments (ModifierId, Name, Type, Value)
VALUES ('ANCIENT_NAVAL_RAIDER_PRODUCTION', 'EraType', 'ARGTYPE_IDENTITY', 'ERA_ANCIENT');
INSERT OR IGNORE INTO ModifierArguments (ModifierId, Name, Type, Value)
VALUES ('ANCIENT_NAVAL_RAIDER_PRODUCTION', 'UnitPromotionClass', 'ARGTYPE_IDENTITY', 'PROMOTION_CLASS_NAVAL_RAIDER');
INSERT OR IGNORE INTO ModifierArguments (ModifierId, Name, Type, Value)
VALUES ('ANCIENT_NAVAL_RAIDER_PRODUCTION', 'Amount', 'ARGTYPE_IDENTITY', '75');
INSERT OR IGNORE INTO Modifiers (ModifierId, ModifierType, RunOnce, NewOnly, Permanent)
VALUES ('ATOMIC_NAVAL_RAIDER_PRODUCTION', 'MODIFIER_PLAYER_CITIES_ADJUST_UNIT_TAG_ERA_PRODUCTION', 0, 0, 0);
INSERT OR IGNORE INTO ModifierArguments (ModifierId, Name, Type, Value)
VALUES ('ATOMIC_NAVAL_RAIDER_PRODUCTION', 'EraType', 'ARGTYPE_IDENTITY', 'ERA_ATOMIC');
INSERT OR IGNORE INTO ModifierArguments (ModifierId, Name, Type, Value)
VALUES ('ATOMIC_NAVAL_RAIDER_PRODUCTION', 'UnitPromotionClass', 'ARGTYPE_IDENTITY', 'PROMOTION_CLASS_NAVAL_RAIDER');
INSERT OR IGNORE INTO ModifierArguments (ModifierId, Name, Type, Value)
VALUES ('ATOMIC_NAVAL_RAIDER_PRODUCTION', 'Amount', 'ARGTYPE_IDENTITY', '75');
INSERT OR IGNORE INTO Modifiers (ModifierId, ModifierType, RunOnce, NewOnly, Permanent)
VALUES ('CLASSICAL_NAVAL_RAIDER_PRODUCTION', 'MODIFIER_PLAYER_CITIES_ADJUST_UNIT_TAG_ERA_PRODUCTION', 0, 0, 0);
INSERT OR IGNORE INTO ModifierArguments (ModifierId, Name, Type, Value)
VALUES ('CLASSICAL_NAVAL_RAIDER_PRODUCTION', 'EraType', 'ARGTYPE_IDENTITY', 'ERA_CLASSICAL');
INSERT OR IGNORE INTO ModifierArguments (ModifierId, Name, Type, Value)
VALUES ('CLASSICAL_NAVAL_RAIDER_PRODUCTION', 'UnitPromotionClass', 'ARGTYPE_IDENTITY', 'PROMOTION_CLASS_NAVAL_RAIDER');
INSERT OR IGNORE INTO ModifierArguments (ModifierId, Name, Type, Value)
VALUES ('CLASSICAL_NAVAL_RAIDER_PRODUCTION', 'Amount', 'ARGTYPE_IDENTITY', '75');
INSERT OR IGNORE INTO Modifiers (ModifierId, ModifierType, RunOnce, NewOnly, Permanent)
VALUES ('INDUSTRIAL_NAVAL_RAIDER_PRODUCTION', 'MODIFIER_PLAYER_CITIES_ADJUST_UNIT_TAG_ERA_PRODUCTION', 0, 0, 0);
INSERT OR IGNORE INTO ModifierArguments (ModifierId, Name, Type, Value)
VALUES ('INDUSTRIAL_NAVAL_RAIDER_PRODUCTION', 'EraType', 'ARGTYPE_IDENTITY', 'ERA_INDUSTRIAL');
INSERT OR IGNORE INTO ModifierArguments (ModifierId, Name, Type, Value)
VALUES ('INDUSTRIAL_NAVAL_RAIDER_PRODUCTION', 'UnitPromotionClass', 'ARGTYPE_IDENTITY', 'PROMOTION_CLASS_NAVAL_RAIDER');
INSERT OR IGNORE INTO ModifierArguments (ModifierId, Name, Type, Value)
VALUES ('INDUSTRIAL_NAVAL_RAIDER_PRODUCTION', 'Amount', 'ARGTYPE_IDENTITY', '75');
INSERT OR IGNORE INTO Modifiers (ModifierId, ModifierType, RunOnce, NewOnly, Permanent)
VALUES ('INFORMATION_NAVAL_RAIDER_PRODUCTION', 'MODIFIER_PLAYER_CITIES_ADJUST_UNIT_TAG_ERA_PRODUCTION', 0, 0, 0);
INSERT OR IGNORE INTO ModifierArguments (ModifierId, Name, Type, Value)
VALUES ('INFORMATION_NAVAL_RAIDER_PRODUCTION', 'EraType', 'ARGTYPE_IDENTITY', 'ERA_INFORMATION');
INSERT OR IGNORE INTO ModifierArguments (ModifierId, Name, Type, Value)
VALUES ('INFORMATION_NAVAL_RAIDER_PRODUCTION', 'UnitPromotionClass', 'ARGTYPE_IDENTITY', 'PROMOTION_CLASS_NAVAL_RAIDER');
INSERT OR IGNORE INTO ModifierArguments (ModifierId, Name, Type, Value)
VALUES ('INFORMATION_NAVAL_RAIDER_PRODUCTION', 'Amount', 'ARGTYPE_IDENTITY', '75');
INSERT OR IGNORE INTO Modifiers (ModifierId, ModifierType, RunOnce, NewOnly, Permanent)
VALUES ('MEDIEVAL_NAVAL_RAIDER_PRODUCTION', 'MODIFIER_PLAYER_CITIES_ADJUST_UNIT_TAG_ERA_PRODUCTION', 0, 0, 0);
INSERT OR IGNORE INTO ModifierArguments (ModifierId, Name, Type, Value)
VALUES ('MEDIEVAL_NAVAL_RAIDER_PRODUCTION', 'EraType', 'ARGTYPE_IDENTITY', 'ERA_MEDIEVAL');
INSERT OR IGNORE INTO ModifierArguments (ModifierId, Name, Type, Value)
VALUES ('MEDIEVAL_NAVAL_RAIDER_PRODUCTION', 'UnitPromotionClass', 'ARGTYPE_IDENTITY', 'PROMOTION_CLASS_NAVAL_RAIDER');
INSERT OR IGNORE INTO ModifierArguments (ModifierId, Name, Type, Value)
VALUES ('MEDIEVAL_NAVAL_RAIDER_PRODUCTION', 'Amount', 'ARGTYPE_IDENTITY', '75');
INSERT OR IGNORE INTO Modifiers (ModifierId, ModifierType, RunOnce, NewOnly, Permanent)
VALUES ('MODERN_NAVAL_RAIDER_PRODUCTION', 'MODIFIER_PLAYER_CITIES_ADJUST_UNIT_TAG_ERA_PRODUCTION', 0, 0, 0);
INSERT OR IGNORE INTO ModifierArguments (ModifierId, Name, Type, Value)
VALUES ('MODERN_NAVAL_RAIDER_PRODUCTION', 'EraType', 'ARGTYPE_IDENTITY', 'ERA_MODERN');
INSERT OR IGNORE INTO ModifierArguments (ModifierId, Name, Type, Value)
VALUES ('MODERN_NAVAL_RAIDER_PRODUCTION', 'UnitPromotionClass', 'ARGTYPE_IDENTITY', 'PROMOTION_CLASS_NAVAL_RAIDER');
INSERT OR IGNORE INTO ModifierArguments (ModifierId, Name, Type, Value)
VALUES ('MODERN_NAVAL_RAIDER_PRODUCTION', 'Amount', 'ARGTYPE_IDENTITY', '75');
INSERT OR IGNORE INTO Modifiers (ModifierId, ModifierType, RunOnce, NewOnly, Permanent)
VALUES ('RENAISSANCE_NAVAL_RAIDER_PRODUCTION', 'MODIFIER_PLAYER_CITIES_ADJUST_UNIT_TAG_ERA_PRODUCTION', 0, 0, 0);
INSERT OR IGNORE INTO ModifierArguments (ModifierId, Name, Type, Value)
VALUES ('RENAISSANCE_NAVAL_RAIDER_PRODUCTION', 'EraType', 'ARGTYPE_IDENTITY', 'ERA_RENAISSANCE');
INSERT OR IGNORE INTO ModifierArguments (ModifierId, Name, Type, Value)
VALUES ('RENAISSANCE_NAVAL_RAIDER_PRODUCTION', 'UnitPromotionClass', 'ARGTYPE_IDENTITY', 'PROMOTION_CLASS_NAVAL_RAIDER');
INSERT OR IGNORE INTO ModifierArguments (ModifierId, Name, Type, Value)
VALUES ('RENAISSANCE_NAVAL_RAIDER_PRODUCTION', 'Amount', 'ARGTYPE_IDENTITY', '75');

INSERT OR IGNORE INTO Modifiers (ModifierId, ModifierType, RunOnce, NewOnly, Permanent)
VALUES ('ANCIENT_NAVAL_CARRIER_PRODUCTION', 'MODIFIER_PLAYER_CITIES_ADJUST_UNIT_TAG_ERA_PRODUCTION', 0, 0, 0);
INSERT OR IGNORE INTO ModifierArguments (ModifierId, Name, Type, Value)
VALUES ('ANCIENT_NAVAL_CARRIER_PRODUCTION', 'EraType', 'ARGTYPE_IDENTITY', 'ERA_ANCIENT');
INSERT OR IGNORE INTO ModifierArguments (ModifierId, Name, Type, Value)
VALUES ('ANCIENT_NAVAL_CARRIER_PRODUCTION', 'UnitPromotionClass', 'ARGTYPE_IDENTITY', 'PROMOTION_CLASS_NAVAL_CARRIER');
INSERT OR IGNORE INTO ModifierArguments (ModifierId, Name, Type, Value)
VALUES ('ANCIENT_NAVAL_CARRIER_PRODUCTION', 'Amount', 'ARGTYPE_IDENTITY', '75');
INSERT OR IGNORE INTO Modifiers (ModifierId, ModifierType, RunOnce, NewOnly, Permanent)
VALUES ('ATOMIC_NAVAL_CARRIER_PRODUCTION', 'MODIFIER_PLAYER_CITIES_ADJUST_UNIT_TAG_ERA_PRODUCTION', 0, 0, 0);
INSERT OR IGNORE INTO ModifierArguments (ModifierId, Name, Type, Value)
VALUES ('ATOMIC_NAVAL_CARRIER_PRODUCTION', 'EraType', 'ARGTYPE_IDENTITY', 'ERA_ATOMIC');
INSERT OR IGNORE INTO ModifierArguments (ModifierId, Name, Type, Value)
VALUES ('ATOMIC_NAVAL_CARRIER_PRODUCTION', 'UnitPromotionClass', 'ARGTYPE_IDENTITY', 'PROMOTION_CLASS_NAVAL_CARRIER');
INSERT OR IGNORE INTO ModifierArguments (ModifierId, Name, Type, Value)
VALUES ('ATOMIC_NAVAL_CARRIER_PRODUCTION', 'Amount', 'ARGTYPE_IDENTITY', '75');
INSERT OR IGNORE INTO Modifiers (ModifierId, ModifierType, RunOnce, NewOnly, Permanent)
VALUES ('CLASSICAL_NAVAL_CARRIER_PRODUCTION', 'MODIFIER_PLAYER_CITIES_ADJUST_UNIT_TAG_ERA_PRODUCTION', 0, 0, 0);
INSERT OR IGNORE INTO ModifierArguments (ModifierId, Name, Type, Value)
VALUES ('CLASSICAL_NAVAL_CARRIER_PRODUCTION', 'EraType', 'ARGTYPE_IDENTITY', 'ERA_CLASSICAL');
INSERT OR IGNORE INTO ModifierArguments (ModifierId, Name, Type, Value)
VALUES ('CLASSICAL_NAVAL_CARRIER_PRODUCTION', 'UnitPromotionClass', 'ARGTYPE_IDENTITY', 'PROMOTION_CLASS_NAVAL_CARRIER');
INSERT OR IGNORE INTO ModifierArguments (ModifierId, Name, Type, Value)
VALUES ('CLASSICAL_NAVAL_CARRIER_PRODUCTION', 'Amount', 'ARGTYPE_IDENTITY', '75');
INSERT OR IGNORE INTO Modifiers (ModifierId, ModifierType, RunOnce, NewOnly, Permanent)
VALUES ('INDUSTRIAL_NAVAL_CARRIER_PRODUCTION', 'MODIFIER_PLAYER_CITIES_ADJUST_UNIT_TAG_ERA_PRODUCTION', 0, 0, 0);
INSERT OR IGNORE INTO ModifierArguments (ModifierId, Name, Type, Value)
VALUES ('INDUSTRIAL_NAVAL_CARRIER_PRODUCTION', 'EraType', 'ARGTYPE_IDENTITY', 'ERA_INDUSTRIAL');
INSERT OR IGNORE INTO ModifierArguments (ModifierId, Name, Type, Value)
VALUES ('INDUSTRIAL_NAVAL_CARRIER_PRODUCTION', 'UnitPromotionClass', 'ARGTYPE_IDENTITY', 'PROMOTION_CLASS_NAVAL_CARRIER');
INSERT OR IGNORE INTO ModifierArguments (ModifierId, Name, Type, Value)
VALUES ('INDUSTRIAL_NAVAL_CARRIER_PRODUCTION', 'Amount', 'ARGTYPE_IDENTITY', '75');
INSERT OR IGNORE INTO Modifiers (ModifierId, ModifierType, RunOnce, NewOnly, Permanent)
VALUES ('INFORMATION_NAVAL_CARRIER_PRODUCTION', 'MODIFIER_PLAYER_CITIES_ADJUST_UNIT_TAG_ERA_PRODUCTION', 0, 0, 0);
INSERT OR IGNORE INTO ModifierArguments (ModifierId, Name, Type, Value)
VALUES ('INFORMATION_NAVAL_CARRIER_PRODUCTION', 'EraType', 'ARGTYPE_IDENTITY', 'ERA_INFORMATION');
INSERT OR IGNORE INTO ModifierArguments (ModifierId, Name, Type, Value)
VALUES ('INFORMATION_NAVAL_CARRIER_PRODUCTION', 'UnitPromotionClass', 'ARGTYPE_IDENTITY', 'PROMOTION_CLASS_NAVAL_CARRIER');
INSERT OR IGNORE INTO ModifierArguments (ModifierId, Name, Type, Value)
VALUES ('INFORMATION_NAVAL_CARRIER_PRODUCTION', 'Amount', 'ARGTYPE_IDENTITY', '75');
INSERT OR IGNORE INTO Modifiers (ModifierId, ModifierType, RunOnce, NewOnly, Permanent)
VALUES ('MEDIEVAL_NAVAL_CARRIER_PRODUCTION', 'MODIFIER_PLAYER_CITIES_ADJUST_UNIT_TAG_ERA_PRODUCTION', 0, 0, 0);
INSERT OR IGNORE INTO ModifierArguments (ModifierId, Name, Type, Value)
VALUES ('MEDIEVAL_NAVAL_CARRIER_PRODUCTION', 'EraType', 'ARGTYPE_IDENTITY', 'ERA_MEDIEVAL');
INSERT OR IGNORE INTO ModifierArguments (ModifierId, Name, Type, Value)
VALUES ('MEDIEVAL_NAVAL_CARRIER_PRODUCTION', 'UnitPromotionClass', 'ARGTYPE_IDENTITY', 'PROMOTION_CLASS_NAVAL_CARRIER');
INSERT OR IGNORE INTO ModifierArguments (ModifierId, Name, Type, Value)
VALUES ('MEDIEVAL_NAVAL_CARRIER_PRODUCTION', 'Amount', 'ARGTYPE_IDENTITY', '75');
INSERT OR IGNORE INTO Modifiers (ModifierId, ModifierType, RunOnce, NewOnly, Permanent)
VALUES ('MODERN_NAVAL_CARRIER_PRODUCTION', 'MODIFIER_PLAYER_CITIES_ADJUST_UNIT_TAG_ERA_PRODUCTION', 0, 0, 0);
INSERT OR IGNORE INTO ModifierArguments (ModifierId, Name, Type, Value)
VALUES ('MODERN_NAVAL_CARRIER_PRODUCTION', 'EraType', 'ARGTYPE_IDENTITY', 'ERA_MODERN');
INSERT OR IGNORE INTO ModifierArguments (ModifierId, Name, Type, Value)
VALUES ('MODERN_NAVAL_CARRIER_PRODUCTION', 'UnitPromotionClass', 'ARGTYPE_IDENTITY', 'PROMOTION_CLASS_NAVAL_CARRIER');
INSERT OR IGNORE INTO ModifierArguments (ModifierId, Name, Type, Value)
VALUES ('MODERN_NAVAL_CARRIER_PRODUCTION', 'Amount', 'ARGTYPE_IDENTITY', '75');
INSERT OR IGNORE INTO Modifiers (ModifierId, ModifierType, RunOnce, NewOnly, Permanent)
VALUES ('RENAISSANCE_NAVAL_CARRIER_PRODUCTION', 'MODIFIER_PLAYER_CITIES_ADJUST_UNIT_TAG_ERA_PRODUCTION', 0, 0, 0);
INSERT OR IGNORE INTO ModifierArguments (ModifierId, Name, Type, Value)
VALUES ('RENAISSANCE_NAVAL_CARRIER_PRODUCTION', 'EraType', 'ARGTYPE_IDENTITY', 'ERA_RENAISSANCE');
INSERT OR IGNORE INTO ModifierArguments (ModifierId, Name, Type, Value)
VALUES ('RENAISSANCE_NAVAL_CARRIER_PRODUCTION', 'UnitPromotionClass', 'ARGTYPE_IDENTITY', 'PROMOTION_CLASS_NAVAL_CARRIER');
INSERT OR IGNORE INTO ModifierArguments (ModifierId, Name, Type, Value)
VALUES ('RENAISSANCE_NAVAL_CARRIER_PRODUCTION', 'Amount', 'ARGTYPE_IDENTITY', '75');

INSERT OR IGNORE INTO BuildingModifiers (BuildingType, ModifierId)
VALUES ('BUILDING_VENETIAN_ARSENAL', 'ANCIENT_NAVAL_MELEE_PRODUCTION');
INSERT OR IGNORE INTO BuildingModifiers (BuildingType, ModifierId)
VALUES ('BUILDING_VENETIAN_ARSENAL', 'ATOMIC_NAVAL_MELEE_PRODUCTION');
INSERT OR IGNORE INTO BuildingModifiers (BuildingType, ModifierId)
VALUES ('BUILDING_VENETIAN_ARSENAL', 'CLASSICAL_NAVAL_MELEE_PRODUCTION');
INSERT OR IGNORE INTO BuildingModifiers (BuildingType, ModifierId)
VALUES ('BUILDING_VENETIAN_ARSENAL', 'INDUSTRIAL_NAVAL_MELEE_PRODUCTION');
INSERT OR IGNORE INTO BuildingModifiers (BuildingType, ModifierId)
VALUES ('BUILDING_VENETIAN_ARSENAL', 'INFORMATION_NAVAL_MELEE_PRODUCTION');
INSERT OR IGNORE INTO BuildingModifiers (BuildingType, ModifierId)
VALUES ('BUILDING_VENETIAN_ARSENAL', 'MEDIEVAL_NAVAL_MELEE_PRODUCTION');
INSERT OR IGNORE INTO BuildingModifiers (BuildingType, ModifierId)
VALUES ('BUILDING_VENETIAN_ARSENAL', 'MODERN_NAVAL_MELEE_PRODUCTION');
INSERT OR IGNORE INTO BuildingModifiers (BuildingType, ModifierId)
VALUES ('BUILDING_VENETIAN_ARSENAL', 'RENAISSANCE_NAVAL_MELEE_PRODUCTION');

INSERT OR IGNORE INTO BuildingModifiers (BuildingType, ModifierId)
VALUES ('BUILDING_VENETIAN_ARSENAL', 'ANCIENT_NAVAL_RANGED_PRODUCTION');
INSERT OR IGNORE INTO BuildingModifiers (BuildingType, ModifierId)
VALUES ('BUILDING_VENETIAN_ARSENAL', 'ATOMIC_NAVAL_RANGED_PRODUCTION');
INSERT OR IGNORE INTO BuildingModifiers (BuildingType, ModifierId)
VALUES ('BUILDING_VENETIAN_ARSENAL', 'CLASSICAL_NAVAL_RANGED_PRODUCTION');
INSERT OR IGNORE INTO BuildingModifiers (BuildingType, ModifierId)
VALUES ('BUILDING_VENETIAN_ARSENAL', 'INDUSTRIAL_NAVAL_RANGED_PRODUCTION');
INSERT OR IGNORE INTO BuildingModifiers (BuildingType, ModifierId)
VALUES ('BUILDING_VENETIAN_ARSENAL', 'INFORMATION_NAVAL_RANGED_PRODUCTION');
INSERT OR IGNORE INTO BuildingModifiers (BuildingType, ModifierId)
VALUES ('BUILDING_VENETIAN_ARSENAL', 'MEDIEVAL_NAVAL_RANGED_PRODUCTION');
INSERT OR IGNORE INTO BuildingModifiers (BuildingType, ModifierId)
VALUES ('BUILDING_VENETIAN_ARSENAL', 'MODERN_NAVAL_RANGED_PRODUCTION');
INSERT OR IGNORE INTO BuildingModifiers (BuildingType, ModifierId)
VALUES ('BUILDING_VENETIAN_ARSENAL', 'RENAISSANCE_NAVAL_RANGED_PRODUCTION');

INSERT OR IGNORE INTO BuildingModifiers (BuildingType, ModifierId)
VALUES ('BUILDING_VENETIAN_ARSENAL', 'ANCIENT_NAVAL_RAIDER_PRODUCTION');
INSERT OR IGNORE INTO BuildingModifiers (BuildingType, ModifierId)
VALUES ('BUILDING_VENETIAN_ARSENAL', 'ATOMIC_NAVAL_RAIDER_PRODUCTION');
INSERT OR IGNORE INTO BuildingModifiers (BuildingType, ModifierId)
VALUES ('BUILDING_VENETIAN_ARSENAL', 'CLASSICAL_NAVAL_RAIDER_PRODUCTION');
INSERT OR IGNORE INTO BuildingModifiers (BuildingType, ModifierId)
VALUES ('BUILDING_VENETIAN_ARSENAL', 'INDUSTRIAL_NAVAL_RAIDER_PRODUCTION');
INSERT OR IGNORE INTO BuildingModifiers (BuildingType, ModifierId)
VALUES ('BUILDING_VENETIAN_ARSENAL', 'INFORMATION_NAVAL_RAIDER_PRODUCTION');
INSERT OR IGNORE INTO BuildingModifiers (BuildingType, ModifierId)
VALUES ('BUILDING_VENETIAN_ARSENAL', 'MEDIEVAL_NAVAL_RAIDER_PRODUCTION');
INSERT OR IGNORE INTO BuildingModifiers (BuildingType, ModifierId)
VALUES ('BUILDING_VENETIAN_ARSENAL', 'MODERN_NAVAL_RAIDER_PRODUCTION');
INSERT OR IGNORE INTO BuildingModifiers (BuildingType, ModifierId)
VALUES ('BUILDING_VENETIAN_ARSENAL', 'RENAISSANCE_NAVAL_RAIDER_PRODUCTION');

INSERT OR IGNORE INTO BuildingModifiers (BuildingType, ModifierId)
VALUES ('BUILDING_VENETIAN_ARSENAL', 'ANCIENT_NAVAL_CARRIER_PRODUCTION');
INSERT OR IGNORE INTO BuildingModifiers (BuildingType, ModifierId)
VALUES ('BUILDING_VENETIAN_ARSENAL', 'ATOMIC_NAVAL_CARRIER_PRODUCTION');
INSERT OR IGNORE INTO BuildingModifiers (BuildingType, ModifierId)
VALUES ('BUILDING_VENETIAN_ARSENAL', 'CLASSICAL_NAVAL_CARRIER_PRODUCTION');
INSERT OR IGNORE INTO BuildingModifiers (BuildingType, ModifierId)
VALUES ('BUILDING_VENETIAN_ARSENAL', 'INDUSTRIAL_NAVAL_CARRIER_PRODUCTION');
INSERT OR IGNORE INTO BuildingModifiers (BuildingType, ModifierId)
VALUES ('BUILDING_VENETIAN_ARSENAL', 'INFORMATION_NAVAL_CARRIER_PRODUCTION');
INSERT OR IGNORE INTO BuildingModifiers (BuildingType, ModifierId)
VALUES ('BUILDING_VENETIAN_ARSENAL', 'MEDIEVAL_NAVAL_CARRIER_PRODUCTION');
INSERT OR IGNORE INTO BuildingModifiers (BuildingType, ModifierId)
VALUES ('BUILDING_VENETIAN_ARSENAL', 'MODERN_NAVAL_CARRIER_PRODUCTION');
INSERT OR IGNORE INTO BuildingModifiers (BuildingType, ModifierId)
VALUES ('BUILDING_VENETIAN_ARSENAL', 'RENAISSANCE_NAVAL_CARRIER_PRODUCTION');

-- Colosseum - reduce culture to 1 (from 2)
UPDATE Building_YieldChanges SET YieldChange=1 WHERE BuildingType='BUILDING_COLOSSEUM' AND YieldType='YIELD_CULTURE';

-- Jabel Barkal - Increase strategics ressource storage by 20 (online speed).


-- Chichen Itza - Culture +2 / prod +1 for all jungle in the empire.
UPDATE Modifiers SET ModifierType='MODIFIER_PLAYER_ADJUST_PLOT_YIELD' WHERE ModifierId='CHICHEN_ITZA_JUNGLE_CULTURE';
UPDATE Modifiers SET SubjectRequirementSetId='PLOT_HAS_JUNGLE_REQUIREMENTS' WHERE ModifierId='CHICHEN_ITZA_JUNGLE_CULTURE';
INSERT INTO ModifierArguments (ModifierId, Name, Value) VALUES
    ('CHICHEN_ITZA_JUNGLE_CULTURE', 'YieldType', 'YIELD_CULTURE'),
    ('CHICHEN_ITZA_JUNGLE_CULTURE', 'Amount', '2');

UPDATE Modifiers SET ModifierType='MODIFIER_PLAYER_ADJUST_PLOT_YIELD' WHERE ModifierId='CHICHEN_ITZA_JUNGLE_PRODUCTION';
UPDATE Modifiers SET SubjectRequirementSetId='PLOT_HAS_JUNGLE_REQUIREMENTS' WHERE ModifierId='CHICHEN_ITZA_JUNGLE_PRODUCTION';
INSERT INTO ModifierArguments (ModifierId, Name, Value) VALUES
    ('CHICHEN_ITZA_JUNGLE_PRODUCTION', 'YieldType', 'YIELD_PRODUCTION'),
    ('CHICHEN_ITZA_JUNGLE_PRODUCTION', 'Amount', '1');
--CHICHEN_ITZA_JUNGLE_CULTURE_MODIFIER and CHICHEN_ITZA_PRODUCTION_CULTURE_MODIFIER are not used anymore

-- Hagia Sophia - Missionaries/apostles recieve +2 movement and missionaries are 30% cheaper to purchase.
INSERT INTO Modifiers (ModifierId , ModifierType) VALUES
	('HAGIA_SOPHIA_GRANT_MISSIONARY_APOSTLE_MOVEMENT' , 'MODIFIER_PLAYER_UNITS_GRANT_ABILITY'),
	('HAGIA_SOPHIA_ADJUST_MISSIONARY_APOSTLE_MOVEMENT' , 'MODIFIER_PLAYER_UNIT_ADJUST_MOVEMENT'),
	('HAGIA_SOPHIA_ADJUST_MISSIONARY_DISCOUNT' , 'MODIFIER_PLAYER_CITIES_ADJUST_UNIT_PURCHASE_COST');
INSERT INTO Types (Type, Kind) VALUES
    ('ABILITY_HAGIA_SOPHIA_MISSIONARY_APOSTLE_MOVEMENT', 'KIND_ABILITY');
INSERT INTO TypeTags (Type, Tag) VALUES
    ('ABILITY_HAGIA_SOPHIA_MISSIONARY_APOSTLE_MOVEMENT', 'CLASS_RELIGIOUS');
INSERT INTO UnitAbilities(UnitAbilityType, Name, Description, Inactive) VALUES
    ('ABILITY_HAGIA_SOPHIA_MISSIONARY_APOSTLE_MOVEMENT', 'LOC_HAGIA_SOPHIA_MOVEMENT_ABILITY', 'LOC_HAGIA_SOPHIA_MOVEMENT_ABILITY', 1);
INSERT INTO UnitAbilityModifiers (UnitAbilityType, ModifierId) VALUES
    ('ABILITY_HAGIA_SOPHIA_MISSIONARY_APOSTLE_MOVEMENT', 'HAGIA_SOPHIA_ADJUST_MISSIONARY_APOSTLE_MOVEMENT');
INSERT INTO ModifierArguments (ModifierId, Name, Value) VALUES
    ('HAGIA_SOPHIA_GRANT_MISSIONARY_APOSTLE_MOVEMENT', 'AbilityType', 'ABILITY_HAGIA_SOPHIA_MISSIONARY_APOSTLE_MOVEMENT'),
    ('HAGIA_SOPHIA_ADJUST_MISSIONARY_APOSTLE_MOVEMENT', 'Amount', '2'),
    ('HAGIA_SOPHIA_ADJUST_MISSIONARY_DISCOUNT', 'UnitType', 'UNIT_MISSIONARY'),
    ('HAGIA_SOPHIA_ADJUST_MISSIONARY_DISCOUNT', 'Amount', '30');
INSERT INTO BuildingModifiers (BuildingType, ModifierId) VALUES
	('BUILDING_HAGIA_SOPHIA', 'HAGIA_SOPHIA_GRANT_MISSIONARY_APOSTLE_MOVEMENT'),
	('BUILDING_HAGIA_SOPHIA', 'HAGIA_SOPHIA_ADJUST_MISSIONARY_DISCOUNT');

-- Kotoku-in - Increase strength of player warrior Monk.


-- Meenakshi Temple - Grant 2 apostles instead of 2guru + Apostles/Guru cost 30% less
DELETE FROM BuildingModifiers WHERE BuildingType='BUILDING_MEENAKSHI_TEMPLE' AND ModifierId='MEENAKSHITEMPLE_FREE_GURU';
INSERT INTO Modifiers (ModifierId , ModifierType) VALUES
	('MEENAKSHI_TEMPLE_GRANT_FREE_APOSTLES' , 'MODIFIER_SINGLE_CITY_GRANT_UNIT_IN_CITY'),
	('MEENAKSHI_TEMPLE_ADJUST_APOSTLE_DISCOUNT' , 'MODIFIER_PLAYER_CITIES_ADJUST_UNIT_PURCHASE_COST'),
	('MEENAKSHI_TEMPLE_ADJUST_GURU_DISCOUNT' , 'MODIFIER_PLAYER_CITIES_ADJUST_UNIT_PURCHASE_COST');	
INSERT INTO ModifierArguments (ModifierId, Name, Value) VALUES
    ('MEENAKSHI_TEMPLE_GRANT_FREE_APOSTLES', 'UnitType', 'UNIT_APOSTLE'),
    ('MEENAKSHI_TEMPLE_GRANT_FREE_APOSTLES', 'Amount', '2'),
    ('MEENAKSHI_TEMPLE_ADJUST_APOSTLE_DISCOUNT', 'UnitType', 'UNIT_APOSTLE'),
    ('MEENAKSHI_TEMPLE_ADJUST_APOSTLE_DISCOUNT', 'Amount', '30'),
    ('MEENAKSHI_TEMPLE_ADJUST_GURU_DISCOUNT', 'UnitType', 'UNIT_GURU'),
    ('MEENAKSHI_TEMPLE_ADJUST_GURU_DISCOUNT', 'Amount', '30');
INSERT INTO BuildingModifiers (BuildingType, ModifierId) VALUES
	('BUILDING_MEENAKSHI_TEMPLE', 'MEENAKSHI_TEMPLE_GRANT_FREE_APOSTLES'),
	('BUILDING_MEENAKSHI_TEMPLE', 'MEENAKSHI_TEMPLE_ADJUST_APOSTLE_DISCOUNT'),
	('BUILDING_MEENAKSHI_TEMPLE', 'MEENAKSHI_TEMPLE_ADJUST_GURU_DISCOUNT');


-- Mont St. Michel - Culture +1 for flood plains in the empire.
INSERT INTO Modifiers (ModifierId, ModifierType, SubjectRequirementSetId) VALUES
	('MONT_ST_MICHEL_CULTURE_FLOODPLAINS', 'MODIFIER_PLAYER_ADJUST_PLOT_YIELD', 'PLOT_HAS_FLOODPLAINS_REQUIREMENTS'),
	('MONT_ST_MICHEL_CULTURE_GRASS_FLOODPLAINS', 'MODIFIER_PLAYER_ADJUST_PLOT_YIELD', 'PLOT_HAS_GRASS_FLOODPLAINS_REQUIREMENTS'),
	('MONT_ST_MICHEL_CULTURE_PLAINS_FLOODPLAINS', 'MODIFIER_PLAYER_ADJUST_PLOT_YIELD', 'PLOT_HAS_PLAINS_FLOODPLAINS_REQUIREMENTS'),
	('MONT_ST_MICHEL_FOOD_FLOODPLAINS', 'MODIFIER_PLAYER_ADJUST_PLOT_YIELD', 'PLOT_HAS_FLOODPLAINS_REQUIREMENTS'),
	('MONT_ST_MICHEL_FOOD_GRASS_FLOODPLAINS', 'MODIFIER_PLAYER_ADJUST_PLOT_YIELD', 'PLOT_HAS_GRASS_FLOODPLAINS_REQUIREMENTS'),
	('MONT_ST_MICHEL_FOOD_PLAINS_FLOODPLAINS', 'MODIFIER_PLAYER_ADJUST_PLOT_YIELD', 'PLOT_HAS_PLAINS_FLOODPLAINS_REQUIREMENTS');
INSERT INTO ModifierArguments (ModifierId, Name, Value) VALUES
    ('MONT_ST_MICHEL_CULTURE_FLOODPLAINS', 'YieldType', 'YIELD_CULTURE'),
    ('MONT_ST_MICHEL_CULTURE_FLOODPLAINS', 'Amount', '1'),
    ('MONT_ST_MICHEL_CULTURE_GRASS_FLOODPLAINS', 'YieldType', 'YIELD_CULTURE'),
    ('MONT_ST_MICHEL_CULTURE_GRASS_FLOODPLAINS', 'Amount', '1'),
    ('MONT_ST_MICHEL_CULTURE_PLAINS_FLOODPLAINS', 'YieldType', 'YIELD_CULTURE'),
    ('MONT_ST_MICHEL_CULTURE_PLAINS_FLOODPLAINS', 'Amount', '1'),
    ('MONT_ST_MICHEL_FOOD_FLOODPLAINS', 'YieldType', 'YIELD_FOOD'),
    ('MONT_ST_MICHEL_FOOD_FLOODPLAINS', 'Amount', '1'),
    ('MONT_ST_MICHEL_FOOD_GRASS_FLOODPLAINS', 'YieldType', 'YIELD_FOOD'),
    ('MONT_ST_MICHEL_FOOD_GRASS_FLOODPLAINS', 'Amount', '1'),
    ('MONT_ST_MICHEL_FOOD_PLAINS_FLOODPLAINS', 'YieldType', 'YIELD_FOOD'),
    ('MONT_ST_MICHEL_FOOD_PLAINS_FLOODPLAINS', 'Amount', '1');
INSERT INTO BuildingModifiers (BuildingType, ModifierId) VALUES
	('BUILDING_MONT_ST_MICHEL', 'MONT_ST_MICHEL_CULTURE_FLOODPLAINS'),
	('BUILDING_MONT_ST_MICHEL', 'MONT_ST_MICHEL_CULTURE_GRASS_FLOODPLAINS'),
	('BUILDING_MONT_ST_MICHEL', 'MONT_ST_MICHEL_CULTURE_PLAINS_FLOODPLAINS'),
	('BUILDING_MONT_ST_MICHEL', 'MONT_ST_MICHEL_FOOD_FLOODPLAINS'),
	('BUILDING_MONT_ST_MICHEL', 'MONT_ST_MICHEL_FOOD_GRASS_FLOODPLAINS'),
	('BUILDING_MONT_ST_MICHEL', 'MONT_ST_MICHEL_FOOD_PLAINS_FLOODPLAINS');
DELETE FROM BuildingModifiers WHERE BuildingType='BUILDING_MONT_ST_MICHEL' AND ModifierId='MONT_ST_MICHEL_GRANT_MARTYR';

-- University of Sankore - new bonus : Add +1 trader capacity AND add +1science +2gold for your all your traders (internal/external)
DELETE FROM BuildingModifiers WHERE BuildingType='BUILDING_UNIVERSITY_SANKORE' AND ModifierId='SANKORE_TRADE_OFFER_SCIENCE';
INSERT INTO Modifiers (ModifierId , ModifierType) VALUES
	('UNIVERSITY_SANKORE_ADD_SCIENCE_TO_TRADEROUTE', 'MODIFIER_PLAYER_ADJUST_TRADE_ROUTE_YIELD'),
	('UNIVERSITY_SANKORE_ADD_GOLD_TO_TRADEROUTE', 'MODIFIER_PLAYER_ADJUST_TRADE_ROUTE_YIELD'),
	('UNIVERSITY_SANKORE_ADD_TRADER_CAPACITY', 'MODIFIER_PLAYER_ADJUST_TRADE_ROUTE_CAPACITY');	
INSERT INTO ModifierArguments (ModifierId, Name, Value) VALUES
    ('UNIVERSITY_SANKORE_ADD_SCIENCE_TO_TRADEROUTE', 'YieldType', 'YIELD_SCIENCE'),
    ('UNIVERSITY_SANKORE_ADD_SCIENCE_TO_TRADEROUTE', 'Amount', '1'),
    ('UNIVERSITY_SANKORE_ADD_GOLD_TO_TRADEROUTE', 'YieldType', 'YIELD_GOLD'),
    ('UNIVERSITY_SANKORE_ADD_GOLD_TO_TRADEROUTE', 'Amount', '2'),
    ('UNIVERSITY_SANKORE_ADD_TRADER_CAPACITY', 'Amount', '1');
INSERT INTO BuildingModifiers (BuildingType, ModifierId) VALUES
	('BUILDING_UNIVERSITY_SANKORE', 'UNIVERSITY_SANKORE_ADD_SCIENCE_TO_TRADEROUTE'),
	('BUILDING_UNIVERSITY_SANKORE', 'UNIVERSITY_SANKORE_ADD_GOLD_TO_TRADEROUTE'),
	('BUILDING_UNIVERSITY_SANKORE', 'UNIVERSITY_SANKORE_ADD_TRADER_CAPACITY');


-- Great Zimbabwe - Give 2 trader capacity instead of 1
UPDATE ModifierArguments SET Value='2' WHERE ModifierId='GREAT_ZIMBABWE_ADDTRADEROUTE';

-- Orszaghaz +300% diplomatic favor for each turn starting as the suz of a city state (from +100%)
UPDATE ModifierArguments SET Value='300' WHERE ModifierId='ORSZAGHAZ_DOUBLE_FAVOR_SUZERAIN';

-- Taj Mahal +10% gold for all your cities if you are in golden age
INSERT INTO Modifiers (ModifierId , ModifierType, SubjectRequirementSetId) VALUES
	('TAJ_MAHAL_GOLD_MODIFIER_IN_ALL_CITIES', 'MODIFIER_PLAYER_CITIES_ADJUST_CITY_YIELD_MODIFIER', 'PLAYER_HAS_GOLDEN_AGE');
INSERT INTO ModifierArguments (ModifierId, Name, Value) VALUES
    ('TAJ_MAHAL_GOLD_MODIFIER_IN_ALL_CITIES', 'YieldType', 'YIELD_GOLD'),
    ('TAJ_MAHAL_GOLD_MODIFIER_IN_ALL_CITIES', 'Amount', '10');
INSERT INTO BuildingModifiers (BuildingType, ModifierId) VALUES
	('BUILDING_TAJ_MAHAL', 'TAJ_MAHAL_GOLD_MODIFIER_IN_ALL_CITIES');


-- Torre de Belem - Remove free building to avoid conflict with dummy.


-- Amundsen-Scott Research Station - +1 Science per snow tile in the city. Citizen can work snow tile for 3 science.

-- Golden Gate Bridge

-- Hermitage - GW inside double their tourism yields
--INSERT INTO Modifiers (ModifierId , ModifierType, Permanent) VALUES
--	('HERMITAGE_DOUBLE_TOURISM_GREAT_WORK', 'MODIFIER_PLAYER_ADJUST_GREAT_WORK_OBJECT_TOURISM', 1);
--INSERT INTO ModifierArguments (ModifierId, Name, Value) VALUES
--    ('HERMITAGE_DOUBLE_TOURISM_GREAT_WORK', 'Amount', '100');
--INSERT INTO BuildingModifiers (BuildingType, ModifierId) VALUES
--	('BUILDING_HERMITAGE', 'HERMITAGE_DOUBLE_TOURISM_GREAT_WORK');

-- BioSphere - reduce cost
UPDATE Buildings SET Cost=1620 WHERE BuildingType='BUILDING_BIOSPHERE';

