--needed for imhotep

INSERT INTO RequirementSets(RequirementSetId, RequirementSetType) VALUES
    ('THIS_WONDER_IS_ANCIENT_OR_CLASSICAL_MALI_BBG', 'REQUIREMENTSET_TEST_ALL'),
    ('THIS_WONDER_IS_ANCIENT_OR_CLASSICAL_NOT_MALI_BBG', 'REQUIREMENTSET_TEST_ALL'),
    ('THIS_WONDER_IS_ANCIENT_OR_CLASSICAL_INVERSE_MALI_BBG', 'REQUIREMENTSET_TEST_ALL'),
    ('THIS_WONDER_IS_ANCIENT_OR_CLASSICAL_INVERSE_NOT_MALI_BBG', 'REQUIREMENTSET_TEST_ALL'); 
INSERT INTO RequirementSetRequirements(RequirementSetId, RequirementId) VALUES
    ('THIS_WONDER_IS_ANCIENT_OR_CLASSICAL_MALI_BBG', 'REQUIRE_THIS_WONDER_IS_ANCIENT_OR_CLASSICAL'),
    ('THIS_WONDER_IS_ANCIENT_OR_CLASSICAL_MALI_BBG', 'PLAYER_IS_MALI_BBG_REQ'),
    ('THIS_WONDER_IS_ANCIENT_OR_CLASSICAL_NOT_MALI_BBG', 'REQUIRE_THIS_WONDER_IS_ANCIENT_OR_CLASSICAL'),
    ('THIS_WONDER_IS_ANCIENT_OR_CLASSICAL_NOT_MALI_BBG', 'PLAYER_IS_NOT_MALI_BBG_REQ'),
    ('THIS_WONDER_IS_ANCIENT_OR_CLASSICAL_INVERSE_MALI_BBG', 'REQUIRE_THIS_WONDER_IS_ANCIENT_OR_CLASSICAL_INVERSE'),
    ('THIS_WONDER_IS_ANCIENT_OR_CLASSICAL_INVERSE_MALI_BBG', 'PLAYER_IS_MALI_BBG_REQ'),
    ('THIS_WONDER_IS_ANCIENT_OR_CLASSICAL_INVERSE_NOT_MALI_BBG', 'REQUIRE_THIS_WONDER_IS_ANCIENT_OR_CLASSICAL_INVERSE'),
    ('THIS_WONDER_IS_ANCIENT_OR_CLASSICAL_INVERSE_NOT_MALI_BBG', 'PLAYER_IS_NOT_MALI_BBG_REQ');
UPDATE Modifiers SET SubjectRequirementSetId = 'THIS_WONDER_IS_ANCIENT_OR_CLASSICAL_NOT_MALI_BBG' WHERE ModifierId = 'GREAT_PERSON_INDIVIDUAL_IMHOTEP_PRODUCTION_ANCIENT_CLASSICAL';
UPDATE Modifiers SET SubjectRequirementSetId = 'THIS_WONDER_IS_ANCIENT_OR_CLASSICAL_INVERSE_NOT_MALI_BBG' WHERE ModifierId = 'GREAT_PERSON_INDIVIDUAL_IMHOTEP_PRODUCTION_OTHER';
INSERT INTO Modifiers (ModifierId, ModifierType, RunOnce, Permanent, SubjectRequirementSetId) VALUES
    ('GREAT_PERSON_INDIVIDUAL_IMHOTEP_PRODUCTION_ANCIENT_CLASSICAL_MALI_BBG', 'MODIFIER_SINGLE_CITY_GRANT_PRODUCTION_IN_CITY', 1, 1, 'THIS_WONDER_IS_ANCIENT_OR_CLASSICAL_MALI_BBG'),
    ('GREAT_PERSON_INDIVIDUAL_IMHOTEP_PRODUCTION_OTHER_MALI_BBG', 'MODIFIER_SINGLE_CITY_GRANT_PRODUCTION_IN_CITY', 1, 1, 'THIS_WONDER_IS_ANCIENT_OR_CLASSICAL_INVERSE_MALI_BBG');
INSERT INTO ModifierArguments(ModifierId, Name, Type, Value) VALUES
    ('GREAT_PERSON_INDIVIDUAL_IMHOTEP_PRODUCTION_ANCIENT_CLASSICAL_MALI_BBG', 'Amount', 'ScaleByGameSpeed', 246),
    ('GREAT_PERSON_INDIVIDUAL_IMHOTEP_PRODUCTION_ANCIENT_CLASSICAL_MALI_BBG', 'KeepOverflow', 'ARGTYPE_IDENTITY', 0),
    ('GREAT_PERSON_INDIVIDUAL_IMHOTEP_PRODUCTION_OTHER_MALI_BBG', 'Amount', 'ScaleByGameSpeed', 123),
    ('GREAT_PERSON_INDIVIDUAL_IMHOTEP_PRODUCTION_OTHER_MALI_BBG', 'KeepOverflow', 'ARGTYPE_IDENTITY', 0);
INSERT INTO GreatPersonIndividualActionModifiers(GreatPersonIndividualType, ModifierId, AttachmentTargetType) VALUES
    ('GREAT_PERSON_INDIVIDUAL_IMHOTEP', 'GREAT_PERSON_INDIVIDUAL_IMHOTEP_PRODUCTION_ANCIENT_CLASSICAL_MALI_BBG', 'GREAT_PERSON_ACTION_ATTACHMENT_TARGET_DISTRICT_WONDER_IN_TILE'),
    ('GREAT_PERSON_INDIVIDUAL_IMHOTEP', 'GREAT_PERSON_INDIVIDUAL_IMHOTEP_PRODUCTION_OTHER_MALI_BBG', 'GREAT_PERSON_ACTION_ATTACHMENT_TARGET_DISTRICT_WONDER_IN_TILE');
