
-- Kublai +1 Science +1 Culture per international traderoute.
INSERT INTO Modifiers(ModifierId, ModifierType) VALUES
    ('BBG_KUBLAI_INTERNATIONAL_SCIENCE', 'MODIFIER_PLAYER_ADJUST_TRADE_ROUTE_YIELD_FOR_INTERNATIONAL'),
    ('BBG_KUBLAI_INTERNATIONAL_CULTURE', 'MODIFIER_PLAYER_ADJUST_TRADE_ROUTE_YIELD_FOR_INTERNATIONAL');

INSERT INTO ModifierArguments(ModifierId, Name, Value) VALUES
    ('BBG_KUBLAI_INTERNATIONAL_SCIENCE', 'Amount', '1'),
    ('BBG_KUBLAI_INTERNATIONAL_SCIENCE', 'YieldType', 'YIELD_SCIENCE'),
    ('BBG_KUBLAI_INTERNATIONAL_CULTURE', 'Amount', '1'),
    ('BBG_KUBLAI_INTERNATIONAL_CULTURE', 'YieldType', 'YIELD_CULTURE');

INSERT INTO TraitModifiers(TraitType, ModifierId) VALUES
    ('TRAIT_LEADER_KUBLAI', 'BBG_KUBLAI_INTERNATIONAL_SCIENCE'),
    ('TRAIT_LEADER_KUBLAI', 'BBG_KUBLAI_INTERNATIONAL_CULTURE');


-- 02/07/24 Kublai traderoute gets +0.06 culture/science per tiles 
INSERT INTO Modifiers (ModifierId, ModifierType) VALUES
    ('BBG_KUBLAI_SCIENCE_PER_TRADEROUTE_LENGTH', 'MODIFIER_PLAYER_ADJUST_TRADE_ROUTE_YIELD_PER_PATH_TILE'),
    ('BBG_KUBLAI_CULTURE_PER_TRADEROUTE_LENGTH', 'MODIFIER_PLAYER_ADJUST_TRADE_ROUTE_YIELD_PER_PATH_TILE');

INSERT INTO ModifierArguments (ModifierId, Name, Value) VALUES
    ('BBG_KUBLAI_SCIENCE_PER_TRADEROUTE_LENGTH', 'Amount', 0.0625),
    ('BBG_KUBLAI_SCIENCE_PER_TRADEROUTE_LENGTH', 'YieldType', 'YIELD_SCIENCE'),
    ('BBG_KUBLAI_CULTURE_PER_TRADEROUTE_LENGTH', 'Amount', 0.0625),
    ('BBG_KUBLAI_CULTURE_PER_TRADEROUTE_LENGTH', 'YieldType', 'YIELD_CULTURE');

INSERT INTO TraitModifiers(TraitType, ModifierId) VALUES
    ('TRAIT_LEADER_KUBLAI', 'BBG_KUBLAI_SCIENCE_PER_TRADEROUTE_LENGTH'),
    ('TRAIT_LEADER_KUBLAI', 'BBG_KUBLAI_CULTURE_PER_TRADEROUTE_LENGTH');
