--==============================================================
--******                G O V E R N O R S                 ******
--==============================================================

--=============================================================================================
--=                                        MOKSHA                                             =
--=============================================================================================

-- 06/07/24 Governor rework
-- Moksha 4 turns
UPDATE Governors SET TransitionStrength=125 WHERE GovernorType='GOVERNOR_THE_CARDINAL';

-- Delete moksha's scrapped abilities
DELETE FROM GovernorPromotions WHERE GovernorPromotionType='GOVERNOR_PROMOTION_CARDINAL_GRAND_INQUISITOR' OR GovernorPromotionType='GOVERNOR_PROMOTION_CARDINAL_LAYING_ON_OF_HANDS';
DELETE FROM GovernorPromotionSets WHERE GovernorPromotion='GOVERNOR_PROMOTION_CARDINAL_GRAND_INQUISITOR' OR GovernorPromotion='GOVERNOR_PROMOTION_CARDINAL_LAYING_ON_OF_HANDS';
DELETE FROM GovernorPromotionPrereqs WHERE GovernorPromotionType='GOVERNOR_PROMOTION_CARDINAL_GRAND_INQUISITOR' OR GovernorPromotionType='GOVERNOR_PROMOTION_CARDINAL_LAYING_ON_OF_HANDS';
DELETE FROM GovernorPromotionPrereqs WHERE PrereqGovernorPromotion='GOVERNOR_PROMOTION_CARDINAL_GRAND_INQUISITOR' OR PrereqGovernorPromotion='GOVERNOR_PROMOTION_CARDINAL_LAYING_ON_OF_HANDS';
DELETE FROM GovernorPromotionModifiers WHERE GovernorPromotionType='GOVERNOR_PROMOTION_CARDINAL_GRAND_INQUISITOR' OR GovernorPromotionType='GOVERNOR_PROMOTION_CARDINAL_LAYING_ON_OF_HANDS';


-- Base Bishop : +15% culture in city. Religious pressure to adjacent cities in 100% stronger from this city. +2 Faith per specialty district in this city.             
UPDATE GovernorPromotionModifiers SET GovernorPromotionType='GOVERNOR_PROMOTION_CARDINAL_BISHOP' WHERE GovernorPromotionType='GOVERNOR_PROMOTION_EDUCATOR_LIBRARIAN' AND ModifierId='LIBRARIAN_CULTURE_YIELD_BONUS';

-- LI Conoisseur : +1 culture per population. Ignores pressure and combat effects from Religions not founded by the Governor's player.    
DELETE FROM GovernorPromotionPrereqs WHERE GovernorPromotionType='GOVERNOR_PROMOTION_EDUCATOR_CONNOISSEUR';
UPDATE GovernorPromotionSets SET GovernorType='GOVERNOR_THE_CARDINAL' WHERE GovernorPromotion='GOVERNOR_PROMOTION_EDUCATOR_CONNOISSEUR';
UPDATE GovernorPromotions SET Column=0 WHERE GovernorPromotionType='GOVERNOR_PROMOTION_EDUCATOR_CONNOISSEUR';
INSERT INTO GovernorPromotionPrereqs (GovernorPromotionType, PrereqGovernorPromotion) VALUES
    ('GOVERNOR_PROMOTION_EDUCATOR_CONNOISSEUR', 'GOVERNOR_PROMOTION_CARDINAL_BISHOP');
UPDATE GovernorPromotionModifiers SET GovernorPromotionType='GOVERNOR_PROMOTION_EDUCATOR_CONNOISSEUR' WHERE ModifierId IN ('CARDINAL_CITADEL_OF_GOD_PRESSURE', 'CARDINAL_CITADEL_OF_GOD_COMBAT');

-- RI Citadel of gods :  Your trade route ending here provide +2 culture to their starting city. Gain Faith equal to 25% of the construction cost when finishing buildings.  
DELETE FROM GovernorPromotionPrereqs WHERE GovernorPromotionType='GOVERNOR_PROMOTION_CARDINAL_CITADEL_OF_GOD';  
INSERT INTO GovernorPromotionPrereqs (GovernorPromotionType, PrereqGovernorPromotion) VALUES
    ('GOVERNOR_PROMOTION_CARDINAL_CITADEL_OF_GOD', 'GOVERNOR_PROMOTION_CARDINAL_BISHOP'); 
UPDATE GovernorPromotions SET Level=1, Column=2 WHERE GovernorPromotionType='GOVERNOR_PROMOTION_CARDINAL_CITADEL_OF_GOD';

INSERT INTO Modifiers(ModifierId, ModifierType) VALUES
    ('BBG_MOKSHA_DOMESTIC_TRADE_ROUTE_2_CULTURE', 'MODIFIER_SINGLE_CITY_ADJUST_TRADE_ROUTE_YIELD_TO_OTHERS');
INSERT INTO ModifierArguments(ModifierId, Name, Value) VALUES
    ('BBG_MOKSHA_DOMESTIC_TRADE_ROUTE_2_CULTURE', 'Amount', '2'),
    ('BBG_MOKSHA_DOMESTIC_TRADE_ROUTE_2_CULTURE', 'Domestic', '1'),
    ('BBG_MOKSHA_DOMESTIC_TRADE_ROUTE_2_CULTURE', 'YieldType', 'YIELD_CULTURE');
INSERT INTO GovernorPromotionModifiers(GovernorPromotionType, ModifierId) VALUES
    ('GOVERNOR_PROMOTION_CARDINAL_CITADEL_OF_GOD', 'BBG_MOKSHA_DOMESTIC_TRADE_ROUTE_2_CULTURE');

-- LII Divine Architect : Ability to faith buy district. Apostles/Warrior monks trained in the city receive one extra Promotion. 
DELETE FROM GovernorPromotionPrereqs WHERE GovernorPromotionType='GOVERNOR_PROMOTION_CARDINAL_DIVINE_ARCHITECT';
INSERT INTO GovernorPromotionPrereqs (GovernorPromotionType, PrereqGovernorPromotion) VALUES
    ('GOVERNOR_PROMOTION_CARDINAL_DIVINE_ARCHITECT', 'GOVERNOR_PROMOTION_EDUCATOR_CONNOISSEUR');
UPDATE GovernorPromotions SET Level=2, Column=0 WHERE GovernorPromotionType='GOVERNOR_PROMOTION_CARDINAL_DIVINE_ARCHITECT';     
        
INSERT INTO Requirements(RequirementId, RequirementType) VALUES
    ('BBG_REQUIRES_UNIT_TYPE_IS_MONK', 'REQUIREMENT_UNIT_TYPE_MATCHES');
INSERT INTO RequirementArguments(RequirementId, Name, Value) VALUES
    ('BBG_REQUIRES_UNIT_TYPE_IS_MONK', 'UnitType', 'UNIT_WARRIOR_MONK');
INSERT INTO RequirementSets(RequirementSetId, RequirementSetType) VALUES
    ('BBG_UNIT_TYPE_IS_MONK_REQSET', 'REQUIREMENTSET_TEST_ALL');
INSERT INTO RequirementSetRequirements(RequirementSetId, RequirementId) VALUES
    ('BBG_UNIT_TYPE_IS_MONK_REQSET', 'BBG_REQUIRES_UNIT_TYPE_IS_MONK');
INSERT INTO Modifiers(ModifierId, ModifierType, SubjectRequirementSetId) VALUES
    ('BBG_MOKSHA_MONK_FREE_PROMO', 'MODIFIER_CITY_TRAINED_UNITS_ADJUST_GRANT_EXPERIENCE', 'BBG_UNIT_TYPE_IS_MONK_REQSET');
INSERT INTO ModifierArguments(ModifierId, Name, Value) VALUES
    ('BBG_MOKSHA_MONK_FREE_PROMO', 'Amount', '-1');
INSERT INTO GovernorPromotionModifiers(GovernorPromotionType, ModifierId) VALUES
    ('GOVERNOR_PROMOTION_CARDINAL_DIVINE_ARCHITECT', 'BBG_MOKSHA_MONK_FREE_PROMO');
UPDATE GovernorPromotionModifiers SET GovernorPromotionType='GOVERNOR_PROMOTION_CARDINAL_DIVINE_ARCHITECT' WHERE ModifierId='CARDINAL_PATRON_SAINT_PROMOTION';

-- RII Patron Saint : Your trade route ending here provide +1 culture to their starting city. Grant the ability to faith buy support unit in the city.  
DELETE FROM GovernorPromotionPrereqs WHERE GovernorPromotionType='GOVERNOR_PROMOTION_CARDINAL_PATRON_SAINT';      
INSERT INTO GovernorPromotionPrereqs (GovernorPromotionType, PrereqGovernorPromotion) VALUES
    ('GOVERNOR_PROMOTION_CARDINAL_PATRON_SAINT', 'GOVERNOR_PROMOTION_CARDINAL_CITADEL_OF_GOD');
UPDATE GovernorPromotions SET Level=2, Column=2 WHERE GovernorPromotionType='GOVERNOR_PROMOTION_CARDINAL_PATRON_SAINT';

INSERT INTO Modifiers(ModifierId, ModifierType) VALUES
    ('BBG_MOKSHA_DOMESTIC_TRADE_ROUTE_1_CULTURE', 'MODIFIER_SINGLE_CITY_ADJUST_TRADE_ROUTE_YIELD_TO_OTHERS');
INSERT INTO ModifierArguments(ModifierId, Name, Value) VALUES
    ('BBG_MOKSHA_DOMESTIC_TRADE_ROUTE_1_CULTURE', 'Amount', '1'),
    ('BBG_MOKSHA_DOMESTIC_TRADE_ROUTE_1_CULTURE', 'Domestic', '1'),
    ('BBG_MOKSHA_DOMESTIC_TRADE_ROUTE_1_CULTURE', 'YieldType', 'YIELD_CULTURE');
INSERT INTO Modifiers (ModifierId, ModifierType) VALUES
    ('BBG_MOKSHA_FAITH_BUY_SUPPORT_UNIT', 'MODIFIER_CITY_ENABLE_UNIT_FAITH_PURCHASE');
INSERT INTO ModifierArguments (ModifierId, Name, Value) VALUES
    ('BBG_MOKSHA_FAITH_BUY_SUPPORT_UNIT', 'Tag', 'CLASS_SUPPORT');
INSERT INTO GovernorPromotionModifiers(GovernorPromotionType, ModifierId) VALUES
    ('GOVERNOR_PROMOTION_CARDINAL_PATRON_SAINT', 'BBG_MOKSHA_DOMESTIC_TRADE_ROUTE_1_CULTURE'),
    ('GOVERNOR_PROMOTION_CARDINAL_PATRON_SAINT', 'BBG_MOKSHA_FAITH_BUY_SUPPORT_UNIT'); 

-- M3 Curator : Double Tourism from Great Works of Art, Music and Writing in the city.   
UPDATE GovernorPromotionSets SET GovernorType='GOVERNOR_THE_CARDINAL' WHERE GovernorPromotion='GOVERNOR_PROMOTION_MERCHANT_CURATOR';
UPDATE GovernorPromotions SET Column=1 WHERE GovernorPromotionType='GOVERNOR_PROMOTION_MERCHANT_CURATOR';
DELETE FROM GovernorPromotionPrereqs WHERE GovernorPromotionType='GOVERNOR_PROMOTION_MERCHANT_CURATOR';
INSERT INTO GovernorPromotionPrereqs (GovernorPromotionType, PrereqGovernorPromotion) VALUES
    ('GOVERNOR_PROMOTION_MERCHANT_CURATOR', 'GOVERNOR_PROMOTION_CARDINAL_DIVINE_ARCHITECT'),
    ('GOVERNOR_PROMOTION_MERCHANT_CURATOR', 'GOVERNOR_PROMOTION_CARDINAL_PATRON_SAINT');   



--============================Pingala===================--
-- move Pingala's 100% GPP to first on left ability
UPDATE GovernorPromotions SET Level=1, 'Column'=0 WHERE GovernorPromotionType='GOVERNOR_PROMOTION_EDUCATOR_GRANTS';
DELETE FROM GovernorPromotionPrereqs WHERE GovernorPromotionType='GOVERNOR_PROMOTION_EDUCATOR_GRANTS' OR PrereqGovernorPromotion='GOVERNOR_PROMOTION_EDUCATOR_GRANTS';
INSERT OR IGNORE INTO GovernorPromotionPrereqs (GovernorPromotionType, PrereqGovernorPromotion)
    VALUES
        ('GOVERNOR_PROMOTION_EDUCATOR_GRANTS', 'GOVERNOR_PROMOTION_EDUCATOR_LIBRARIAN');
-- create Pingala's science from trade routes ability and apply to middle right ability
INSERT OR IGNORE INTO Modifiers (ModifierId, ModifierType)
    VALUES
        ('EDUCATOR_SCIENCE_FROM_DOMESTIC_TRADE_BBG', 'MODIFIER_SINGLE_CITY_ADJUST_TRADE_ROUTE_YIELD_TO_OTHERS');
INSERT OR IGNORE INTO ModifierArguments (ModifierId, Name, Value)
    VALUES
        ('EDUCATOR_SCIENCE_FROM_DOMESTIC_TRADE_BBG', 'Domestic', '1'),
        ('EDUCATOR_SCIENCE_FROM_DOMESTIC_TRADE_BBG', 'Amount', '3'),
        ('EDUCATOR_SCIENCE_FROM_DOMESTIC_TRADE_BBG', 'YieldType', 'YIELD_SCIENCE');
INSERT OR IGNORE INTO Types (Type, Kind) VALUES ('GOVERNOR_PROMOTION_EDUCATOR_TRADE_BBG', 'KIND_GOVERNOR_PROMOTION');
INSERT OR IGNORE INTO GovernorPromotionSets (GovernorType, GovernorPromotion)
    VALUES
        ('GOVERNOR_THE_EDUCATOR', 'GOVERNOR_PROMOTION_EDUCATOR_TRADE_BBG');
INSERT OR IGNORE INTO GovernorPromotions (GovernorPromotionType, Name, Description, Level, 'Column', BaseAbility)
    VALUES
        ('GOVERNOR_PROMOTION_EDUCATOR_TRADE_BBG', 'LOC_GOVERNOR_PROMOTION_EDUCATOR_KNOWLEDGE_NAME', 'LOC_GOVERNOR_PROMOTION_EDUCATOR_KNOWLEDGE_DESCRIPTION', 2, 2, 0);
INSERT OR IGNORE INTO GovernorPromotionModifiers (GovernorPromotionType, ModifierId)
    VALUES
        ('GOVERNOR_PROMOTION_EDUCATOR_TRADE_BBG', 'EDUCATOR_SCIENCE_FROM_DOMESTIC_TRADE_BBG');
DELETE FROM GovernorPromotionPrereqs WHERE GovernorPromotionType='GOVERNOR_PROMOTION_EDUCATOR_SPACE_INITIATIVE';
UPDATE GovernorPromotions SET 'Column'=1 WHERE GovernorPromotionType='GOVERNOR_PROMOTION_EDUCATOR_SPACE_INITIATIVE';
INSERT OR IGNORE INTO GovernorPromotionPrereqs (GovernorPromotionType, PrereqGovernorPromotion) VALUES
    ('GOVERNOR_PROMOTION_EDUCATOR_TRADE_BBG', 'GOVERNOR_PROMOTION_EDUCATOR_RESEARCHER'),
    ('GOVERNOR_PROMOTION_EDUCATOR_SPACE_INITIATIVE', 'GOVERNOR_PROMOTION_EDUCATOR_TRADE_BBG');
-- Pingala's double adajacency Promo
-- 11/12/22 from x2 to x3
-- INSERT INTO Modifiers (ModifierId, ModifierType) VALUES
--     ('EDUCATOR_DOUBLE_CAMPUS_ADJ_MODIFIER_BBG', 'MODIFIER_CITY_DISTRICTS_ADJUST_YIELD_MODIFIER');
-- INSERT INTO ModifierArguments (ModifierId, Name, Value) VALUES
--     ('EDUCATOR_DOUBLE_CAMPUS_ADJ_MODIFIER_BBG', 'Amount', '200'),
--     ('EDUCATOR_DOUBLE_CAMPUS_ADJ_MODIFIER_BBG', 'YieldType', 'YIELD_SCIENCE');
--19/12/23 Pingala 200% replaced by +3 science per library / +5science per university / +7science per lab
INSERT INTO Types (Type, Kind) VALUES
    ('BBG_GOVERNOR_PROMOTION_EDUCATOR_CAMPUS_BUILDING_YIELDS', 'KIND_GOVERNOR_PROMOTION');
INSERT INTO Modifiers (ModifierId, ModifierType) VALUES
    ('BBG_EDUCATOR_BOOST_LIBRARY', 'MODIFIER_BUILDING_YIELD_CHANGE'),
    ('BBG_EDUCATOR_BOOST_UNIVERSITY', 'MODIFIER_BUILDING_YIELD_CHANGE'),
    ('BBG_EDUCATOR_BOOST_LAB', 'MODIFIER_BUILDING_YIELD_CHANGE');
INSERT INTO ModifierArguments (ModifierId, Name, Value) VALUES
    ('BBG_EDUCATOR_BOOST_LIBRARY', 'BuildingType', 'BUILDING_LIBRARY'),
    ('BBG_EDUCATOR_BOOST_UNIVERSITY', 'BuildingType', 'BUILDING_UNIVERSITY'),
    ('BBG_EDUCATOR_BOOST_LAB', 'BuildingType', 'BUILDING_RESEARCH_LAB'),
    ('BBG_EDUCATOR_BOOST_LIBRARY', 'YieldType', 'YIELD_SCIENCE'),
    ('BBG_EDUCATOR_BOOST_UNIVERSITY', 'YieldType', 'YIELD_SCIENCE'),
    ('BBG_EDUCATOR_BOOST_LAB', 'YieldType', 'YIELD_SCIENCE'),
    ('BBG_EDUCATOR_BOOST_LIBRARY', 'Amount', '3'),
    ('BBG_EDUCATOR_BOOST_UNIVERSITY', 'Amount', '5'),
    ('BBG_EDUCATOR_BOOST_LAB', 'Amount', '7');
INSERT INTO GovernorPromotionSets (GovernorType, GovernorPromotion) VALUES
    ('GOVERNOR_THE_EDUCATOR', 'BBG_GOVERNOR_PROMOTION_EDUCATOR_CAMPUS_BUILDING_YIELDS');
INSERT INTO GovernorPromotions (GovernorPromotionType, Name, Description, Level, 'Column', BaseAbility) VALUES
    ('BBG_GOVERNOR_PROMOTION_EDUCATOR_CAMPUS_BUILDING_YIELDS', 'LOC_GOVERNOR_PROMOTION_EDUCATOR_EUREKA_NAME', 'LOC_GOVERNOR_PROMOTION_EDUCATOR_EUREKA_DESCRIPTION', 2, 0, 0);
INSERT INTO GovernorPromotionModifiers (GovernorPromotionType, ModifierId) VALUES
    ('BBG_GOVERNOR_PROMOTION_EDUCATOR_CAMPUS_BUILDING_YIELDS', 'BBG_EDUCATOR_BOOST_LIBRARY'),
    ('BBG_GOVERNOR_PROMOTION_EDUCATOR_CAMPUS_BUILDING_YIELDS', 'BBG_EDUCATOR_BOOST_UNIVERSITY'),
    ('BBG_GOVERNOR_PROMOTION_EDUCATOR_CAMPUS_BUILDING_YIELDS', 'BBG_EDUCATOR_BOOST_LAB');
INSERT INTO GovernorPromotionPrereqs (GovernorPromotionType, PrereqGovernorPromotion) VALUES
    ('BBG_GOVERNOR_PROMOTION_EDUCATOR_CAMPUS_BUILDING_YIELDS', 'GOVERNOR_PROMOTION_EDUCATOR_GRANTS'),
    ('GOVERNOR_PROMOTION_EDUCATOR_SPACE_INITIATIVE', 'BBG_GOVERNOR_PROMOTION_EDUCATOR_CAMPUS_BUILDING_YIELDS');

-- 03/07/24 Pingala internal routes now give +1 food
INSERT OR IGNORE INTO Modifiers (ModifierId, ModifierType)
    VALUES
        ('EDUCATOR_FOOD_FROM_DOMESTIC_TRADE_BBG', 'MODIFIER_SINGLE_CITY_ADJUST_TRADE_ROUTE_YIELD_TO_OTHERS');
INSERT OR IGNORE INTO ModifierArguments (ModifierId, Name, Value)
    VALUES
        ('EDUCATOR_FOOD_FROM_DOMESTIC_TRADE_BBG', 'Domestic', '1'),
        ('EDUCATOR_FOOD_FROM_DOMESTIC_TRADE_BBG', 'Amount', '1'),
        ('EDUCATOR_FOOD_FROM_DOMESTIC_TRADE_BBG', 'YieldType', 'YIELD_FOOD');
INSERT OR IGNORE INTO GovernorPromotionModifiers (GovernorPromotionType, ModifierId)
    VALUES
        ('GOVERNOR_PROMOTION_EDUCATOR_TRADE_BBG', 'EDUCATOR_FOOD_FROM_DOMESTIC_TRADE_BBG');
--===============================Victor
-- Victor combat bonus reduced to +3
UPDATE ModifierArguments SET Value='3' WHERE ModifierId='GARRISON_COMMANDER_ADJUST_CITY_COMBAT_BONUS' AND Name='Amount';

--=============================================================================================
--=                                        MAGNUS                                             =
--=============================================================================================
-- MAGNUS: 4 turns moving (from 5) 
UPDATE Governors SET TransitionStrength=125 WHERE GovernorType='GOVERNOR_THE_RESOURCE_MANAGER';
-- Default Groundbreaker: +40% yields from 50% 
UPDATE ModifierArguments SET Value=40 WHERE ModifierId='GROUNDBREAKER_BONUS_HARVEST_YIELDS' AND Name='Amount';

-- 24/04/23 Magnus surplus logistics give 1 PM to Settler.
-- 06/07/23 REMOVED, now give +2 food and 20% growth
-- L1 Expedition : +20% Growth in the city. Internal traderoute +2 food 
UPDATE GovernorPromotionModifiers SET GovernorPromotionType='GOVERNOR_PROMOTION_RESOURCE_MANAGER_EXPEDITION' WHERE ModifierId='SURPLUS_LOGISTICS_TRADE_ROUTE_FOOD';
UPDATE GovernorPromotionModifiers SET GovernorPromotionType='GOVERNOR_PROMOTION_RESOURCE_MANAGER_EXPEDITION' WHERE ModifierId='SURPLUS_LOGISTICS_EXTRA_GROWTH';
UPDATE GovernorPromotions SET Level=1, Column=0 WHERE GovernorPromotionType='GOVERNOR_PROMOTION_RESOURCE_MANAGER_EXPEDITION';
-- INSERT INTO Types(Type, Kind) VALUES
--     ('BBG_SETTLER_MOVEMENT_ABILITY', 'KIND_ABILITY');
-- INSERT INTO TypeTags(Type, Tag) VALUES
--     ('BBG_SETTLER_MOVEMENT_ABILITY', 'CLASS_SETTLER');
-- INSERT INTO UnitAbilities(UnitAbilityType, Name, Description, Inactive) VALUES
--     ('BBG_SETTLER_MOVEMENT_ABILITY', 'BBG_SETTLER_MOVEMENT_ABILITY_NAME', 'BBG_SETTLER_MOVEMENT_ABILITY_DESC', 1);
-- INSERT INTO UnitAbilityModifiers(UnitAbilityType, ModifierId) VALUES
--     ('BBG_SETTLER_MOVEMENT_ABILITY', 'BBG_SETTLER_MOVEMENT_ABILITY_MODIFIER');
-- INSERT INTO Modifiers(ModifierId, ModifierType, Permanent) VALUES
--     ('BBG_GIVE_SETTLER_MOVEMENT_ABILITY', 'MODIFIER_SINGLE_CITY_GRANT_ABILITY_FOR_TRAINED_UNITS', 0),
--     ('BBG_SETTLER_MOVEMENT_ABILITY_MODIFIER', 'MODIFIER_PLAYER_UNIT_ADJUST_MOVEMENT', 1);
-- INSERT INTO ModifierArguments(ModifierId, Name, Value) VALUES
--     ('BBG_GIVE_SETTLER_MOVEMENT_ABILITY', 'AbilityType', 'BBG_SETTLER_MOVEMENT_ABILITY'),
--     ('BBG_SETTLER_MOVEMENT_ABILITY_MODIFIER', 'Amount', '1');
-- INSERT INTO GovernorPromotionModifiers(GovernorPromotionType, ModifierId) VALUES
--     ('GOVERNOR_PROMOTION_RESOURCE_MANAGER_SURPLUS_LOGISTICS', 'BBG_GIVE_SETTLER_MOVEMENT_ABILITY');

-- 06/07/23 RI Industrialist: +25% Production toward Industrial Zone buildings in the city. Settlers trained in the city do not consume a Citizen Population. 
DELETE FROM GovernorPromotionModifiers WHERE GovernorPromotionType='GOVERNOR_PROMOTION_RESOURCE_MANAGER_INDUSTRIALIST';
INSERT INTO Modifiers (ModifierId, ModifierType) VALUES
    ('BBG_GOVERNOR_MAGNUS_PROD_IZ', 'MODIFIER_PLAYER_CITIES_ADJUST_BUILDING_PRODUCTION');
INSERT INTO ModifierArguments (ModifierId, Name, Value) VALUES
    ('BBG_GOVERNOR_MAGNUS_PROD_IZ', 'DistrictType', 'DISTRICT_INDUSTRIAL_ZONE'),
    ('BBG_GOVERNOR_MAGNUS_PROD_IZ', 'Amount', 20);
INSERT INTO GovernorPromotionModifiers(GovernorPromotionType, ModifierId) VALUES
    ('GOVERNOR_PROMOTION_RESOURCE_MANAGER_INDUSTRIALIST', 'BBG_GOVERNOR_MAGNUS_PROD_IZ');
UPDATE GovernorPromotionPrereqs SET PrereqGovernorPromotion='GOVERNOR_PROMOTION_RESOURCE_MANAGER_GROUNDBREAKER' WHERE GovernorPromotionType='GOVERNOR_PROMOTION_RESOURCE_MANAGER_INDUSTRIALIST';
UPDATE GovernorPromotions SET Level=1, Column=2 WHERE GovernorPromotionType='GOVERNOR_PROMOTION_RESOURCE_MANAGER_INDUSTRIALIST';
UPDATE GovernorPromotionModifiers SET GovernorPromotionType='GOVERNOR_PROMOTION_RESOURCE_MANAGER_INDUSTRIALIST' WHERE ModifierId='EXPEDITION_ADJUST_SETTLERS_CONSUME_POPULATION';

-- 24/04/23 Magnus' expedition gives +2 production to domestic trade routes
-- 10/03/24 Swapped with +2 food promotion
-- 06/07/23 LII Surplus Logistic : +1 production to internal traders 
UPDATE GovernorPromotionPrereqs SET PrereqGovernorPromotion='GOVERNOR_PROMOTION_RESOURCE_MANAGER_EXPEDITION' WHERE GovernorPromotionType='GOVERNOR_PROMOTION_RESOURCE_MANAGER_SURPLUS_LOGISTICS';
UPDATE GovernorPromotions SET Level=2, Column=0 WHERE GovernorPromotionType='GOVERNOR_PROMOTION_RESOURCE_MANAGER_SURPLUS_LOGISTICS';
INSERT INTO Modifiers(ModifierId, ModifierType) VALUES
    ('BBG_MAGNUS_DOMESTIC_TRADE_ROUTE_PROD', 'MODIFIER_SINGLE_CITY_ADJUST_TRADE_ROUTE_YIELD_TO_OTHERS');
INSERT INTO ModifierArguments(ModifierId, Name, Value) VALUES
    ('BBG_MAGNUS_DOMESTIC_TRADE_ROUTE_PROD', 'Amount', '1'),
    ('BBG_MAGNUS_DOMESTIC_TRADE_ROUTE_PROD', 'Domestic', '1'),
    ('BBG_MAGNUS_DOMESTIC_TRADE_ROUTE_PROD', 'YieldType', 'YIELD_PRODUCTION');
INSERT INTO GovernorPromotionModifiers(GovernorPromotionType, ModifierId) VALUES
    ('GOVERNOR_PROMOTION_RESOURCE_MANAGER_SURPLUS_LOGISTICS', 'BBG_MAGNUS_DOMESTIC_TRADE_ROUTE_PROD');

-- RII Arms Race:  Workshop +2/factory +4/ powerplant +7 production in the city where established + 4 electricity (from +4prod/+4 electricity in power plant)

UPDATE GovernorPromotionPrereqs SET PrereqGovernorPromotion='GOVERNOR_PROMOTION_RESOURCE_MANAGER_INDUSTRIALIST' WHERE GovernorPromotionType='GOVERNOR_PROMOTION_RESOURCE_MANAGER_BLACK_MARKETEER';
DELETE FROM GovernorPromotionModifiers WHERE GovernorPromotionType='GOVERNOR_PROMOTION_RESOURCE_MANAGER_BLACK_MARKETEER';
UPDATE GovernorPromotions SET Level=2, Column=2 WHERE GovernorPromotionType='GOVERNOR_PROMOTION_RESOURCE_MANAGER_BLACK_MARKETEER';
INSERT INTO Modifiers (ModifierId, ModifierType) VALUES
    ('BBG_MAGNUS_PRODUCTION_WORKSHOP', 'MODIFIER_BUILDING_YIELD_CHANGE'),
    ('BBG_MAGNUS_PRODUCTION_FACTORY', 'MODIFIER_BUILDING_YIELD_CHANGE');
INSERT INTO ModifierArguments (ModifierId, Name, Value) VALUES
    ('BBG_MAGNUS_PRODUCTION_WORKSHOP', 'BuildingType', 'BUILDING_WORKSHOP'),
    ('BBG_MAGNUS_PRODUCTION_WORKSHOP', 'YieldType', 'YIELD_PRODUCTION'),
    ('BBG_MAGNUS_PRODUCTION_WORKSHOP', 'Amount', 2),
    ('BBG_MAGNUS_PRODUCTION_FACTORY', 'BuildingType', 'BUILDING_FACTORY'),
    ('BBG_MAGNUS_PRODUCTION_FACTORY', 'YieldType', 'YIELD_PRODUCTION'),
    ('BBG_MAGNUS_PRODUCTION_FACTORY', 'Amount', 4);
INSERT INTO GovernorPromotionModifiers (GovernorPromotionType, ModifierId) VALUES
    ('GOVERNOR_PROMOTION_RESOURCE_MANAGER_BLACK_MARKETEER', 'BBG_MAGNUS_PRODUCTION_WORKSHOP'),
    ('GOVERNOR_PROMOTION_RESOURCE_MANAGER_BLACK_MARKETEER', 'BBG_MAGNUS_PRODUCTION_FACTORY'),
    ('GOVERNOR_PROMOTION_RESOURCE_MANAGER_BLACK_MARKETEER', 'INDUSTRIALIST_COAL_POWER_PLANT_PRODUCTION'),
    ('GOVERNOR_PROMOTION_RESOURCE_MANAGER_BLACK_MARKETEER', 'INDUSTRIALIST_OIL_POWER_PLANT_PRODUCTION'),
    ('GOVERNOR_PROMOTION_RESOURCE_MANAGER_BLACK_MARKETEER', 'INDUSTRIALIST_NUCLEAR_POWER_PLANT_PRODUCTION'),
    ('GOVERNOR_PROMOTION_RESOURCE_MANAGER_BLACK_MARKETEER', 'INDUSTRIALIST_RESOURCE_POWER_PROVIDED');
UPDATE ModifierArguments SET Value=7 WHERE ModifierId LIKE 'INDUSTRIALIST%PRODUCTION' AND Name='Amount';
UPDATE ModifierArguments SET Value=4 WHERE ModifierId='INDUSTRIALIST_RESOURCE_POWER_PROVIDED' AND Name='Amount';

-- MIII Vertical Integration
DELETE FROM GovernorPromotionPrereqs WHERE GovernorPromotionType='GOVERNOR_PROMOTION_RESOURCE_MANAGER_VERTICAL_INTEGRATION';
INSERT INTO GovernorPromotionPrereqs (GovernorPromotionType, PrereqGovernorPromotion) VALUES
    ('GOVERNOR_PROMOTION_RESOURCE_MANAGER_VERTICAL_INTEGRATION', 'GOVERNOR_PROMOTION_RESOURCE_MANAGER_BLACK_MARKETEER'),
    ('GOVERNOR_PROMOTION_RESOURCE_MANAGER_VERTICAL_INTEGRATION', 'GOVERNOR_PROMOTION_RESOURCE_MANAGER_SURPLUS_LOGISTICS');
UPDATE GovernorPromotions SET Level=3, Column=1 WHERE GovernorPromotionType='GOVERNOR_PROMOTION_RESOURCE_MANAGER_VERTICAL_INTEGRATION';

-- Magnus' Surplus Logistics gives only +1 food (reverted)
--UPDATE ModifierArguments SET Value='1' WHERE ModifierId='SURPLUS_LOGISTICS_TRADE_ROUTE_FOOD' AND Name='Amount';
-- switch Magnus' level 2 promos
-- UPDATE GovernorPromotions SET 'Column'=2 WHERE GovernorPromotionType='GOVERNOR_PROMOTION_RESOURCE_MANAGER_INDUSTRIALIST';
-- UPDATE GovernorPromotionPrereqs SET PrereqGovernorPromotion='GOVERNOR_PROMOTION_RESOURCE_MANAGER_EXPEDITION' WHERE GovernorPromotionType='GOVERNOR_PROMOTION_RESOURCE_MANAGER_INDUSTRIALIST';

--=========================Magnus/Victor==================--
-- Strategics required reduced to zero for Black Marketeer and swapped with Victor's Arms Race
UPDATE ModifierArguments SET Value='100' WHERE ModifierId='BLACK_MARKETEER_STRATEGIC_RESOURCE_COST_DISCOUNT' AND Name='Amount';

--=======================================Magnus+Victor
DELETE FROM GovernorPromotionPrereqs WHERE GovernorPromotionType='GOVERNOR_PROMOTION_EMBRASURE';
INSERT OR IGNORE INTO GovernorPromotionPrereqs ( GovernorPromotionType, PrereqGovernorPromotion ) VALUES
    -- ( 'GOVERNOR_PROMOTION_RESOURCE_MANAGER_INDUSTRIALIST', 'GOVERNOR_PROMOTION_RESOURCE_MANAGER_SURPLUS_LOGISTICS' ),
    ( 'GOVERNOR_PROMOTION_EMBRASURE', 'GOVERNOR_PROMOTION_GARRISON_COMMANDER' );
-- UPDATE GovernorPromotions SET 'Column'=1 WHERE GovernorPromotionType='GOVERNOR_PROMOTION_RESOURCE_MANAGER_INDUSTRIALIST';
UPDATE GovernorPromotions SET 'Column'=0 WHERE GovernorPromotionType='GOVERNOR_PROMOTION_EMBRASURE';
UPDATE GovernorPromotions SET 'Column'=1 WHERE GovernorPromotionType='GOVERNOR_PROMOTION_AIR_DEFENSE_INITIATIVE';

--=================================Amani==========================================
-- Amani Abuse Fix... can immediately re-declare war when an enemy suzerian removes Amani
UPDATE GlobalParameters SET Value='1' WHERE Name='DIPLOMACY_PEACE_MIN_TURNS';
-- new 1st on left promo for Amani
INSERT OR IGNORE INTO Types (Type, Kind) VALUES ('GOVERNOR_PROMOTION_NEGOTIATOR_BBG', 'KIND_GOVERNOR_PROMOTION');
INSERT OR IGNORE INTO GovernorPromotionSets (GovernorType, GovernorPromotion) VALUES ('GOVERNOR_THE_AMBASSADOR', 'GOVERNOR_PROMOTION_NEGOTIATOR_BBG');
INSERT OR IGNORE INTO GovernorPromotions (GovernorPromotionType, Name, Description, Level, 'Column')
    VALUES
        ('GOVERNOR_PROMOTION_NEGOTIATOR_BBG', 'LOC_GOVERNOR_PROMOTION_AMBASSADOR_NEGOTIATOR_NAME', 'LOC_GOVERNOR_PROMOTION_AMBASSADOR_NEGOTIATOR_DESCRIPTION', 1, 0);
INSERT OR IGNORE INTO GovernorPromotionModifiers (GovernorPromotionType, ModifierId)
    VALUES
        ('GOVERNOR_PROMOTION_NEGOTIATOR_BBG', 'DEFENDER_ADJUST_CITY_DEFENSE_STRENGTH'),
        ('GOVERNOR_PROMOTION_NEGOTIATOR_BBG', 'DEFENSE_LOGISTICS_SIEGE_PROTECTION');
INSERT OR IGNORE INTO GovernorPromotionPrereqs (GovernorPromotionType, PrereqGovernorPromotion)
    VALUES
        ('GOVERNOR_PROMOTION_NEGOTIATOR_BBG', 'GOVERNOR_PROMOTION_AMBASSADOR_MESSENGER');
-- move Amani's Emissary to 2nd on left
UPDATE GovernorPromotions SET Level=2 WHERE GovernorPromotionType='GOVERNOR_PROMOTION_AMBASSADOR_EMISSARY';
UPDATE GovernorPromotionPrereqs SET GovernorPromotionType='GOVERNOR_PROMOTION_AMBASSADOR_PUPPETEER' WHERE PrereqGovernorPromotion='GOVERNOR_PROMOTION_AMBASSADOR_EMISSARY';
UPDATE GovernorPromotionPrereqs SET PrereqGovernorPromotion='GOVERNOR_PROMOTION_NEGOTIATOR_BBG' WHERE GovernorPromotionType='GOVERNOR_PROMOTION_AMBASSADOR_EMISSARY';
INSERT OR IGNORE INTO GovernorPromotionModifiers (GovernorPromotionType, ModifierId) VALUES
        ('GOVERNOR_PROMOTION_AMBASSADOR_EMISSARY', 'PRESTIGE_IDENTITY_PRESSURE_TO_DOMESTIC_CITIES');
UPDATE ModifierArguments SET Value='4' WHERE ModifierId='EMISSARY_IDENTITY_PRESSURE_TO_FOREIGN_CITIES' AND Name='Amount';
UPDATE ModifierArguments SET Value='4' WHERE ModifierId='PRESTIGE_IDENTITY_PRESSURE_TO_DOMESTIC_CITIES' AND Name='Amount';
-- Delete Amani's Foreign Investor
DELETE FROM GovernorPromotionModifiers WHERE GovernorPromotionType='GOVERNOR_PROMOTION_AMBASSADOR_FOREIGN_INVESTOR';
DELETE FROM GovernorPromotionPrereqs WHERE GovernorPromotionType='GOVERNOR_PROMOTION_AMBASSADOR_FOREIGN_INVESTOR';
DELETE FROM GovernorPromotionPrereqs WHERE PrereqGovernorPromotion='GOVERNOR_PROMOTION_AMBASSADOR_FOREIGN_INVESTOR';
DELETE FROM GovernorPromotionSets WHERE GovernorPromotion='GOVERNOR_PROMOTION_AMBASSADOR_FOREIGN_INVESTOR';
DELETE FROM GovernorPromotions WHERE GovernorPromotionType='GOVERNOR_PROMOTION_AMBASSADOR_FOREIGN_INVESTOR';

--Amani Traders
INSERT INTO Requirements(RequirementId, RequirementType) VALUES
    ('PLAYER_HAS_CS_AMANI_CITY_FLAG_REQ', 'REQUIREMENT_PLOT_PROPERTY_MATCHES'),
    ('CITY_HAS_OWN_AMANI_TRADEROUT_REQ', 'REQUIREMENT_PLOT_PROPERTY_MATCHES');
INSERT INTO RequirementArguments(RequirementId, Name, Value) VALUES
    ('PLAYER_HAS_CS_AMANI_CITY_FLAG_REQ', 'PropertyName', 'AMANI_ESTABLISHED_CS'),
    ('PLAYER_HAS_CS_AMANI_CITY_FLAG_REQ', 'PropertyMinimum', '1'),
    ('CITY_HAS_OWN_AMANI_TRADEROUT_REQ', 'PropertyName', 'TRADER_TO_AMANI_CS'),
    ('CITY_HAS_OWN_AMANI_TRADEROUT_REQ', 'PropertyMinimum', '1');
INSERT INTO RequirementSets(RequirementSetId, RequirementSetType) VALUES
    ('CITY_HAS_OWN_AMANI_TRADEROUT_REQSET_BBG', 'REQUIREMENTSET_TEST_ALL');
INSERT INTO RequirementSetRequirements(RequirementSetId, RequirementId) VALUES
    ('CITY_HAS_OWN_AMANI_TRADEROUT_REQSET_BBG', 'PLAYER_HAS_CS_AMANI_CITY_FLAG_REQ'),
    ('CITY_HAS_OWN_AMANI_TRADEROUT_REQSET_BBG', 'CITY_HAS_OWN_AMANI_TRADEROUT_REQ');
INSERT INTO Modifiers(ModifierId, ModifierType, SubjectRequirementSetId) VALUES
    ('CS_AMANI_GIVES_2_FOOD_MODIFIER_BBG', 'MODIFIER_PLAYER_CITIES_ADJUST_CITY_YIELD_CHANGE', 'CITY_HAS_OWN_AMANI_TRADEROUT_REQSET_BBG'),
    ('CS_AMANI_GIVES_2_PROD_MODIFIER_BBG', 'MODIFIER_PLAYER_CITIES_ADJUST_CITY_YIELD_CHANGE', 'CITY_HAS_OWN_AMANI_TRADEROUT_REQSET_BBG');
INSERT INTO ModifierArguments(ModifierId, Name, Value) VALUES
    ('CS_AMANI_GIVES_2_FOOD_MODIFIER_BBG', 'YieldType', 'YIELD_FOOD'),
    ('CS_AMANI_GIVES_2_FOOD_MODIFIER_BBG', 'Amount', 2),
    ('CS_AMANI_GIVES_2_PROD_MODIFIER_BBG', 'YieldType', 'YIELD_PRODUCTION'),
    ('CS_AMANI_GIVES_2_PROD_MODIFIER_BBG', 'Amount', 2);    
INSERT INTO TraitModifiers(TraitType, ModifierId) VALUES
    ('TRAIT_LEADER_MAJOR_CIV', 'CS_AMANI_GIVES_2_FOOD_MODIFIER_BBG'),
    ('TRAIT_LEADER_MAJOR_CIV', 'CS_AMANI_GIVES_2_PROD_MODIFIER_BBG');





--=============================Reyna=================================
-- Reyna's new 3rd level right ability
INSERT OR IGNORE INTO Modifiers (ModifierId, ModifierType) VALUES
    ('MANAGER_BUILDING_GOLD_DISCOUNT_BBG', 'MODIFIER_SINGLE_CITY_ADJUST_ALL_BUILDINGS_PURCHASE_COST'),
    ('MANAGER_DISTRICT_GOLD_DISCOUNT_BBG', 'MODIFIER_SINGLE_CITY_ADJUST_ALL_DISTRICTS_PURCHASE_COST');
INSERT OR IGNORE INTO ModifierArguments (ModifierId, Name, Value) VALUES
    ('MANAGER_BUILDING_GOLD_DISCOUNT_BBG', 'Amount', '50'),
    ('MANAGER_DISTRICT_GOLD_DISCOUNT_BBG', 'Amount', '50');
INSERT OR IGNORE INTO Types (Type, Kind) VALUES ('GOVERNOR_PROMOTION_MANAGER_BBG', 'KIND_GOVERNOR_PROMOTION');
INSERT OR IGNORE INTO GovernorPromotionSets (GovernorType, GovernorPromotion) VALUES ('GOVERNOR_THE_MERCHANT', 'GOVERNOR_PROMOTION_MANAGER_BBG');
INSERT OR IGNORE INTO GovernorPromotions (GovernorPromotionType, Name, Description, Level, 'Column')
    VALUES
        ('GOVERNOR_PROMOTION_MANAGER_BBG', 'LOC_GOVERNOR_PROMOTION_MERCHANT_INVESTOR_NAME', 'LOC_GOVERNOR_PROMOTION_MERCHANT_INVESTOR_DESCRIPTION', 3, 2);
INSERT OR IGNORE INTO GovernorPromotionModifiers (GovernorPromotionType, ModifierId)
    VALUES
        ('GOVERNOR_PROMOTION_MANAGER_BBG', 'MANAGER_BUILDING_GOLD_DISCOUNT_BBG'),
        ('GOVERNOR_PROMOTION_MANAGER_BBG', 'MANAGER_DISTRICT_GOLD_DISCOUNT_BBG');
INSERT OR IGNORE INTO GovernorPromotionPrereqs (GovernorPromotionType, PrereqGovernorPromotion)
    VALUES
        ('GOVERNOR_PROMOTION_MANAGER_BBG', 'GOVERNOR_PROMOTION_MERCHANT_TAX_COLLECTOR');
-- Delete Reyna's old one
DELETE FROM GovernorPromotionModifiers WHERE GovernorPromotionType='GOVERNOR_PROMOTION_MERCHANT_RENEWABLE_ENERGY';
DELETE FROM GovernorPromotionPrereqs WHERE GovernorPromotionType='GOVERNOR_PROMOTION_MERCHANT_RENEWABLE_ENERGY';
DELETE FROM GovernorPromotionPrereqs WHERE PrereqGovernorPromotion='GOVERNOR_PROMOTION_MERCHANT_RENEWABLE_ENERGY';
DELETE FROM GovernorPromotionSets WHERE GovernorPromotion='GOVERNOR_PROMOTION_MERCHANT_RENEWABLE_ENERGY';
DELETE FROM GovernorPromotions WHERE GovernorPromotionType='GOVERNOR_PROMOTION_MERCHANT_RENEWABLE_ENERGY';
-- bump gold from base ability
UPDATE ModifierArguments SET Value='4' WHERE ModifierId='FOREIGN_EXCHANGE_GOLD_FROM_FOREIGN_TRADE_PASSING_THROUGH' AND Name='Amount';
-- add +2 gold per breathtaking
INSERT OR IGNORE INTO Requirements (RequirementId, RequirementType) VALUES
    ('REQUIRES_PLOT_HAS_ANY_FEATURE_NO_IMPROVEMENTS_BBG', 'REQUIREMENT_REQUIREMENTSET_IS_MET');
INSERT OR IGNORE INTO RequirementArguments (RequirementId, Name, Value) VALUES
    ('REQUIRES_PLOT_HAS_ANY_FEATURE_NO_IMPROVEMENTS_BBG', 'RequirementSetId', 'PLOT_HAS_ANY_FEATURE_NO_IMPROVEMENTS');
INSERT OR IGNORE INTO RequirementSets VALUES
    ('PLOT_HAS_ANY_FEATURE_NO_IMPROVEMENTS_OR_BREATHTAKING_BBG', 'REQUIREMENTSET_TEST_ANY');
INSERT OR IGNORE INTO RequirementSetRequirements VALUES
    ('PLOT_HAS_ANY_FEATURE_NO_IMPROVEMENTS_OR_BREATHTAKING_BBG', 'REQUIRES_PLOT_HAS_ANY_FEATURE_NO_IMPROVEMENTS_BBG'),
    ('PLOT_HAS_ANY_FEATURE_NO_IMPROVEMENTS_OR_BREATHTAKING_BBG', 'REQUIRES_PLOT_BREATHTAKING_APPEAL');
UPDATE Modifiers SET SubjectRequirementSetId='PLOT_HAS_ANY_FEATURE_NO_IMPROVEMENTS_OR_BREATHTAKING_BBG' WHERE ModifierId='FORESTRY_MANAGEMENT_FEATURE_NO_IMPROVEMENT_GOLD';
-- +1 trade route
INSERT OR IGNORE INTO Modifiers (ModifierId, ModifierType) VALUES
    ('TAX_COLLECTOR_ADJUST_TRADE_CAPACITY_BBG', 'MODIFIER_PLAYER_ADJUST_TRADE_ROUTE_CAPACITY');
INSERT OR IGNORE INTO ModifierArguments (ModifierId, Name, Value) VALUES
    ('TAX_COLLECTOR_ADJUST_TRADE_CAPACITY_BBG', 'Amount', '1');
INSERT OR IGNORE INTO GovernorPromotionModifiers VALUES
    ('GOVERNOR_PROMOTION_MERCHANT_TAX_COLLECTOR', 'TAX_COLLECTOR_ADJUST_TRADE_CAPACITY_BBG');


-- 4 turns
-- Moksha, Reyna and Pingala also to 4 turns
UPDATE Governors SET TransitionStrength=125 WHERE GovernorType IN ('GOVERNOR_THE_EDUCATOR', 'GOVERNOR_THE_MERCHANT');