--==============================================================
--******				G O V E R N O R S				  ******
--==============================================================
-- Victor combat bonus reduced to +3
UPDATE ModifierArguments SET Value='3' WHERE ModifierId='GARRISON_COMMANDER_ADJUST_CITY_COMBAT_BONUS' AND Name='Amount';
-- Magnus' Surplus Logistics gives +2 production in addition to the food
INSERT OR IGNORE INTO Modifiers(ModifierId, ModifierType) VALUES
	('SURPLUS_LOGISTICS_TRADE_ROUTE_PROD', 'MODIFIER_SINGLE_CITY_ADJUST_TRADE_ROUTE_YIELD_TO_OTHERS');
INSERT OR IGNORE INTO ModifierArguments(ModifierId, Name, Value) VALUES
	('SURPLUS_LOGISTICS_TRADE_ROUTE_PROD', 'Amount', '2'),
	('SURPLUS_LOGISTICS_TRADE_ROUTE_PROD', 'Domestic', '1'),
	('SURPLUS_LOGISTICS_TRADE_ROUTE_PROD', 'YieldType', 'YIELD_PRODUCTION');
INSERT OR IGNORE INTO GovernorPromotionModifiers(GovernorPromotionType, ModifierId) VALUES
	('GOVERNOR_PROMOTION_RESOURCE_MANAGER_SURPLUS_LOGISTICS', 'SURPLUS_LOGISTICS_TRADE_ROUTE_PROD');
-- Magnus' Surplus Logistics gives only +1 food (reverted)
--UPDATE ModifierArguments SET Value='1' WHERE ModifierId='SURPLUS_LOGISTICS_TRADE_ROUTE_FOOD' AND Name='Amount';
-- switch Magnus' level 2 promos
UPDATE GovernorPromotions SET 'Column'=2 WHERE GovernorPromotionType='GOVERNOR_PROMOTION_RESOURCE_MANAGER_INDUSTRIALIST';
UPDATE GovernorPromotions SET 'Column'=0 WHERE GovernorPromotionType='GOVERNOR_PROMOTION_RESOURCE_MANAGER_BLACK_MARKETEER';
UPDATE GovernorPromotionPrereqs SET PrereqGovernorPromotion='GOVERNOR_PROMOTION_RESOURCE_MANAGER_SURPLUS_LOGISTICS' WHERE GovernorPromotionType='GOVERNOR_PROMOTION_RESOURCE_MANAGER_BLACK_MARKETEER';
UPDATE GovernorPromotionPrereqs SET PrereqGovernorPromotion='GOVERNOR_PROMOTION_RESOURCE_MANAGER_EXPEDITION' WHERE GovernorPromotionType='GOVERNOR_PROMOTION_RESOURCE_MANAGER_INDUSTRIALIST';
-- Amani
INSERT INTO Requirements(RequirementId, RequirementType) VALUES
    ('PLAYER_HAS_CS_AMANI_CITY_FLAG_REQ', 'REQUIREMENT_PLOT_PROPERTY_MATCHES'),
    ('CITY_HAS_OWN_AMANI_TRADEROUT_REQ', 'REQUIREMENT_PLOT_PROPERTY_MATCHES');
INSERT INTO RequirementArguments(RequirementId, Name, Value) VALUES
    ('PLAYER_HAS_CS_AMANI_CITY_FLAG_REQ', 'PropertyName', 'AMANI_ESTABLISHED_CS'),
    ('PLAYER_HAS_CS_AMANI_CITY_FLAG_REQ', 'PropertyMinimum', '1'),
    ('CITY_HAS_OWN_AMANI_TRADEROUT_REQ', 'PropertyName', 'TRADER_TO_AMANI_CS'),
    ('CITY_HAS_OWN_AMANI_TRADEROUT_REQ', 'PropertyMinimum', '1');
INSERT INTO RequirementSets(RequirementSetId, RequirementSetType) VALUES
    ('CITY_HAS_OWN_AMANI_TRADEROUT_REQSET_BBG', 'REQUIREMENTSET_TEST_ALL');
INSERT INTO RequirementSetRequirements(RequirementSetId, RequirementId) VALUES
    ('CITY_HAS_OWN_AMANI_TRADEROUT_REQSET_BBG', 'PLAYER_HAS_CS_AMANI_CITY_FLAG_REQ'),
    ('CITY_HAS_OWN_AMANI_TRADEROUT_REQSET_BBG', 'CITY_HAS_OWN_AMANI_TRADEROUT_REQ');
INSERT INTO Modifiers(ModifierId, ModifierType, SubjectRequirementSetId) VALUES
    ('CS_AMANI_GIVES_2_FOOD_MODIFIER_BBG', 'MODIFIER_PLAYER_CITIES_ADJUST_CITY_YIELD_CHANGE', 'CITY_HAS_OWN_AMANI_TRADEROUT_REQSET_BBG'),
    ('CS_AMANI_GIVES_2_PROD_MODIFIER_BBG', 'MODIFIER_PLAYER_CITIES_ADJUST_CITY_YIELD_CHANGE', 'CITY_HAS_OWN_AMANI_TRADEROUT_REQSET_BBG');
INSERT INTO ModifierArguments(ModifierId, Name, Value) VALUES
    ('CS_AMANI_GIVES_2_FOOD_MODIFIER_BBG', 'YieldType', 'YIELD_FOOD'),
    ('CS_AMANI_GIVES_2_FOOD_MODIFIER_BBG', 'Amount', 2),
    ('CS_AMANI_GIVES_2_PROD_MODIFIER_BBG', 'YieldType', 'YIELD_PRODUCTION'),
    ('CS_AMANI_GIVES_2_PROD_MODIFIER_BBG', 'Amount', 2);    
INSERT INTO TraitModifiers(TraitType, ModifierId) VALUES
    ('TRAIT_LEADER_MAJOR_CIV', 'CS_AMANI_GIVES_2_FOOD_MODIFIER_BBG'),
    ('TRAIT_LEADER_MAJOR_CIV', 'CS_AMANI_GIVES_2_PROD_MODIFIER_BBG');
