--==================
-- Canada
--==================
-- INSERT OR IGNORE INTO TraitModifiers (TraitType, ModifierId)
--  VALUES
--  ('TRAIT_LEADER_LAST_BEST_WEST', 'TUNDRA_EXTRA_FOOD_CPLMOD'           ),
--  ('TRAIT_LEADER_LAST_BEST_WEST', 'TUNDRA_HILLS_EXTRA_FOOD_CPLMOD'     ),
--  ('TRAIT_LEADER_LAST_BEST_WEST', 'NATIONAL_PARK_FOOD_YIELDS_CPLMOD'   ),
--  ('TRAIT_LEADER_LAST_BEST_WEST', 'NATIONAL_PARK_PROD_YIELDS_CPLMOD'   );
-- INSERT OR IGNORE INTO Modifiers (ModifierId, ModifierType, SubjectRequirementSetId, OwnerRequirementSetId)
--  VALUES
--  ('TUNDRA_EXTRA_FOOD_CPLMOD', 'MODIFIER_PLAYER_ADJUST_PLOT_YIELD', 'PLOT_HAS_TUNDRA_REQUIREMENTS', NULL),
--  ('TUNDRA_HILLS_EXTRA_FOOD_CPLMOD', 'MODIFIER_PLAYER_ADJUST_PLOT_YIELD', 'PLOT_HAS_TUNDRA_HILLS_REQUIREMENTS', NULL),
--  ('NATIONAL_PARK_FOOD_YIELDS_CPLMOD', 'MODIFIER_PLAYER_CITIES_ADJUST_CITY_YIELD_CHANGE', 'CITY_HAS_NATIONAL_PARK_REQUREMENTS', NULL),
--  ('NATIONAL_PARK_PROD_YIELDS_CPLMOD', 'MODIFIER_PLAYER_CITIES_ADJUST_CITY_YIELD_CHANGE', 'CITY_HAS_NATIONAL_PARK_REQUREMENTS', NULL);
-- INSERT OR IGNORE INTO ModifierArguments (ModifierId, Name, Value)
--  VALUES
--  ('TUNDRA_EXTRA_FOOD_CPLMOD', 'YieldType', 'YIELD_FOOD'      ),
--  ('TUNDRA_EXTRA_FOOD_CPLMOD', 'Amount', '1'               ),
--  ('TUNDRA_HILLS_EXTRA_FOOD_CPLMOD', 'YieldType', 'YIELD_FOOD'      ),
--  ('TUNDRA_HILLS_EXTRA_FOOD_CPLMOD', 'Amount', '1'               ),
--  ('NATIONAL_PARK_FOOD_YIELDS_CPLMOD', 'YieldType', 'YIELD_FOOD'      ),
--  ('NATIONAL_PARK_FOOD_YIELDS_CPLMOD', 'Amount', '4'               ),
--  ('NATIONAL_PARK_PROD_YIELDS_CPLMOD', 'YieldType', 'YIELD_PRODUCTION'),
--  ('NATIONAL_PARK_PROD_YIELDS_CPLMOD', 'Amount', '4'               );
-- 15/05/2021 : Canada +1 food per city center
INSERT INTO Modifiers(ModifierId, ModifierType, SubjectRequirementSetId) VALUES
    ('BBG_TOUNDRA_CITY_EXTRA_FOOD', 'MODIFIER_PLAYER_ADJUST_PLOT_YIELD', 'PLOT_IS_TUNDRA_CITY_REQUIREMENTS'),
    ('BBG_TOUNDRA_HILLS_CITY_EXTRA_FOOD', 'MODIFIER_PLAYER_ADJUST_PLOT_YIELD', 'PLOT_IS_TUNDRA_HILL_CITY_REQUIREMENTS');
INSERT INTO ModifierArguments(ModifierId, Name, Value) VALUES
    ('BBG_TOUNDRA_CITY_EXTRA_FOOD', 'YieldType', 'YIELD_FOOD'),
    ('BBG_TOUNDRA_CITY_EXTRA_FOOD', 'Amount', '1'),
    ('BBG_TOUNDRA_HILLS_CITY_EXTRA_FOOD', 'YieldType', 'YIELD_FOOD'),
    ('BBG_TOUNDRA_HILLS_CITY_EXTRA_FOOD', 'Amount', '1');
INSERT INTO RequirementSets(RequirementSetId, RequirementSetType) VALUES
    ('PLOT_IS_TUNDRA_CITY_REQUIREMENTS', 'REQUIREMENTSET_TEST_ALL'),
    ('PLOT_IS_TUNDRA_HILL_CITY_REQUIREMENTS', 'REQUIREMENTSET_TEST_ALL');
INSERT INTO RequirementSetRequirements(RequirementSetId, RequirementId) VALUES
    ('PLOT_IS_TUNDRA_CITY_REQUIREMENTS', 'REQUIRES_PLOT_HAS_TUNDRA'),
    ('PLOT_IS_TUNDRA_CITY_REQUIREMENTS', 'BBG_REQUIRES_PLOT_IS_CITY_CENTER'),
    ('PLOT_IS_TUNDRA_HILL_CITY_REQUIREMENTS', 'REQUIRES_PLOT_HAS_TUNDRA_HILLS'),
    ('PLOT_IS_TUNDRA_HILL_CITY_REQUIREMENTS', 'BBG_REQUIRES_PLOT_IS_CITY_CENTER');
INSERT INTO Requirements(RequirementId, RequirementType) VALUES
    ('BBG_REQUIRES_PLOT_IS_CITY_CENTER', 'REQUIREMENT_PLOT_DISTRICT_TYPE_MATCHES');
INSERT INTO RequirementArguments(RequirementId, Name, Value) VALUES
    ('BBG_REQUIRES_PLOT_IS_CITY_CENTER', 'DistrictType', 'DISTRICT_CITY_CENTER');
INSERT INTO TraitModifiers(TraitType, ModifierId) VALUES
    ('TRAIT_LEADER_LAST_BEST_WEST', 'BBG_TOUNDRA_CITY_EXTRA_FOOD'),
    ('TRAIT_LEADER_LAST_BEST_WEST', 'BBG_TOUNDRA_HILLS_CITY_EXTRA_FOOD');

-- Hockey rink at Civil Service
UPDATE Improvements SET PrereqCivic='CIVIC_DIPLOMATIC_SERVICE' WHERE ImprovementType='IMPROVEMENT_ICE_HOCKEY_RINK';
-- Mounties get a base combat buff and combat buff from nearby parks radius increased
UPDATE Units SET Combat=70, Cost=360 WHERE UnitType='UNIT_CANADA_MOUNTIE';
UPDATE RequirementArguments SET Value='4' WHERE RequirementId='UNIT_PARK_REQUIREMENT'       AND Name='MaxDistance';
UPDATE RequirementArguments SET Value='4' WHERE RequirementId='UNIT_OWNER_PARK_REQUIREMENT' AND Name='MaxDistance';


-- 18/12/25 Canada : Pastures in Tundra receive +1 Food.
INSERT INTO RequirementSets (RequirementSetId, RequirementSetType) VALUES
    ('BBG_PLOT_HAS_TUNDRA_HILLS_PASTURE_REQSET', 'REQUIREMENTSET_TEST_ALL'),
    ('BBG_PLOT_HAS_TUNDRA_PASTURE_REQSET', 'REQUIREMENTSET_TEST_ALL');
INSERT INTO RequirementSetRequirements (RequirementSetId, RequirementId) VALUES
    ('BBG_PLOT_HAS_TUNDRA_HILLS_PASTURE_REQSET', 'REQUIRES_PLOT_HAS_TUNDRA_HILLS'),
    ('BBG_PLOT_HAS_TUNDRA_HILLS_PASTURE_REQSET', 'REQUIRES_PLOT_HAS_PASTURE'),
    ('BBG_PLOT_HAS_TUNDRA_PASTURE_REQSET', 'REQUIRES_PLOT_HAS_TUNDRA'),
    ('BBG_PLOT_HAS_TUNDRA_PASTURE_REQSET', 'REQUIRES_PLOT_HAS_PASTURE');

INSERT INTO Modifiers (ModifierId, ModifierType, SubjectRequirementSetId) VALUES
    ('BBG_TUNDRA_HILLS_PASTURES_FOOD_CANADA', 'MODIFIER_PLAYER_ADJUST_PLOT_YIELD', 'BBG_PLOT_HAS_TUNDRA_HILLS_PASTURE_REQSET'),
    ('BBG_TUNDRA_PASTURES_FOOD_CANADA', 'MODIFIER_PLAYER_ADJUST_PLOT_YIELD', 'BBG_PLOT_HAS_TUNDRA_PASTURE_REQSET');
INSERT INTO ModifierArguments (ModifierId, Name, Value) VALUES
    ('BBG_TUNDRA_HILLS_PASTURES_FOOD_CANADA', 'YieldType', 'YIELD_FOOD'),
    ('BBG_TUNDRA_HILLS_PASTURES_FOOD_CANADA', 'Amount', 1),
    ('BBG_TUNDRA_PASTURES_FOOD_CANADA', 'YieldType', 'YIELD_FOOD'),
    ('BBG_TUNDRA_PASTURES_FOOD_CANADA', 'Amount', 1);
INSERT INTO TraitModifiers (TraitType, ModifierId) VALUES
    ('TRAIT_LEADER_LAST_BEST_WEST', 'BBG_TUNDRA_HILLS_PASTURES_FOOD_CANADA'),
    ('TRAIT_LEADER_LAST_BEST_WEST', 'BBG_TUNDRA_PASTURES_FOOD_CANADA');

