--==============================================================
--******                G O V E R N O R S                 ******
--==============================================================
--===============================Amani====================------
-- Amani's changed 1st right ability
DELETE FROM GovernorPromotionModifiers WHERE GovernorPromotionType='GOVERNOR_PROMOTION_AMBASSADOR_AFFLUENCE';

INSERT OR IGNORE INTO Modifiers (ModifierId, ModifierType, SubjectRequirementSetId)
    VALUES
    ('HORSES_AMANI_AMOUNT_MODIFIER', 'MODIFIER_PLAYER_ADJUST_FREE_RESOURCE_IMPORT_EXTRACTION', 'PLAYER_CAN_SEE_HORSES_CPLMOD'),
    ('IRON_AMANI_AMOUNT_MODIFIER', 'MODIFIER_PLAYER_ADJUST_FREE_RESOURCE_IMPORT_EXTRACTION', 'PLAYER_CAN_SEE_IRON_CPLMOD'),
    ('NITER_AMANI_AMOUNT_MODIFIER', 'MODIFIER_PLAYER_ADJUST_FREE_RESOURCE_IMPORT_EXTRACTION', 'PLAYER_CAN_SEE_NITER_CPLMOD'),
    ('COAL_AMANI_AMOUNT_MODIFIER', 'MODIFIER_PLAYER_ADJUST_FREE_RESOURCE_IMPORT_EXTRACTION', 'PLAYER_CAN_SEE_COAL_CPLMOD'),
    ('ALUMINUM_AMANI_AMOUNT_MODIFIER', 'MODIFIER_PLAYER_ADJUST_FREE_RESOURCE_IMPORT_EXTRACTION', 'PLAYER_CAN_SEE_ALUMINUM_CPLMOD'),
    ('OIL_AMANI_AMOUNT_MODIFIER', 'MODIFIER_PLAYER_ADJUST_FREE_RESOURCE_IMPORT_EXTRACTION', 'PLAYER_CAN_SEE_OIL_CPLMOD'),
    ('URANIUM_AMANI_AMOUNT_MODIFIER', 'MODIFIER_PLAYER_ADJUST_FREE_RESOURCE_IMPORT_EXTRACTION', 'PLAYER_CAN_SEE_URANIUM_CPLMOD');
INSERT OR IGNORE INTO ModifierArguments (ModifierId, Name, Value)
    VALUES
    ('HORSES_AMANI_AMOUNT_MODIFIER', 'ResourceType', 'RESOURCE_HORSES'),
    ('HORSES_AMANI_AMOUNT_MODIFIER', 'Amount', '2'),
    ('IRON_AMANI_AMOUNT_MODIFIER', 'ResourceType', 'RESOURCE_IRON'),
    ('IRON_AMANI_AMOUNT_MODIFIER', 'Amount', '2'),
    ('NITER_AMANI_AMOUNT_MODIFIER', 'ResourceType', 'RESOURCE_NITER'),
    ('NITER_AMANI_AMOUNT_MODIFIER', 'Amount', '2'),
    ('COAL_AMANI_AMOUNT_MODIFIER', 'ResourceType', 'RESOURCE_COAL'),
    ('COAL_AMANI_AMOUNT_MODIFIER', 'Amount', '2'),
    ('ALUMINUM_AMANI_AMOUNT_MODIFIER', 'ResourceType', 'RESOURCE_ALUMINUM'),
    ('ALUMINUM_AMANI_AMOUNT_MODIFIER', 'Amount', '2'),
    ('OIL_AMANI_AMOUNT_MODIFIER', 'ResourceType', 'RESOURCE_OIL'),
    ('OIL_AMANI_AMOUNT_MODIFIER', 'Amount', '2'),
    ('URANIUM_AMANI_AMOUNT_MODIFIER', 'ResourceType', 'RESOURCE_URANIUM'),
    ('URANIUM_AMANI_AMOUNT_MODIFIER', 'Amount', '2');
INSERT OR IGNORE INTO GovernorPromotionModifiers VALUES
    ('GOVERNOR_PROMOTION_AMBASSADOR_AFFLUENCE', 'HORSES_AMANI_AMOUNT_MODIFIER'),
    ('GOVERNOR_PROMOTION_AMBASSADOR_AFFLUENCE', 'IRON_AMANI_AMOUNT_MODIFIER'),
    ('GOVERNOR_PROMOTION_AMBASSADOR_AFFLUENCE', 'NITER_AMANI_AMOUNT_MODIFIER'),
    ('GOVERNOR_PROMOTION_AMBASSADOR_AFFLUENCE', 'COAL_AMANI_AMOUNT_MODIFIER'),
    ('GOVERNOR_PROMOTION_AMBASSADOR_AFFLUENCE', 'ALUMINUM_AMANI_AMOUNT_MODIFIER'),
    ('GOVERNOR_PROMOTION_AMBASSADOR_AFFLUENCE', 'OIL_AMANI_AMOUNT_MODIFIER'),
    ('GOVERNOR_PROMOTION_AMBASSADOR_AFFLUENCE', 'URANIUM_AMANI_AMOUNT_MODIFIER');

-- Correct Amani's Spies promo
INSERT OR IGNORE INTO GovernorPromotionPrereqs (GovernorPromotionType, PrereqGovernorPromotion) VALUES
        ('GOVERNOR_PROMOTION_LOCAL_INFORMANTS', 'GOVERNOR_PROMOTION_AMBASSADOR_AFFLUENCE');
UPDATE GovernorPromotions SET 'Column'=2 WHERE GovernorPromotionType='GOVERNOR_PROMOTION_LOCAL_INFORMANTS';
--=========================Magnus=========================--
UPDATE GovernorPromotionPrereqs SET PrereqGovernorPromotion='GOVERNOR_PROMOTION_RESOURCE_MANAGER_EXPEDITION' WHERE GovernorPromotionType='GOVERNOR_PROMOTION_RESOURCE_MANAGER_INDUSTRIALIST';
-- Magnus provision give 1 PM to Settler. -- moved from base, because settler tag didn't exist back then (idk if you can force it in bugfree)
INSERT INTO Types(Type, Kind) VALUES
    ('BBG_SETTLER_MOUVMENT_ABILITY', 'KIND_ABILITY');
INSERT INTO TypeTags(Type, Tag) VALUES
    ('BBG_SETTLER_MOUVMENT_ABILITY', 'CLASS_SETTLER');
INSERT INTO UnitAbilities(UnitAbilityType, Name, Description, Inactive) VALUES
    ('BBG_SETTLER_MOUVMENT_ABILITY', 'BBG_SETTLER_MOUVMENT_ABILITY_NAME', 'BBG_SETTLER_MOUVMENT_ABILITY_DESC', 1);
INSERT INTO UnitAbilityModifiers(UnitAbilityType, ModifierId) VALUES
    ('BBG_SETTLER_MOUVMENT_ABILITY', 'BBG_SETTLER_MOUVMENT_ABILITY_MODIFIER');
INSERT INTO Modifiers(ModifierId, ModifierType, Permanent) VALUES
    ('BBG_GIVE_SETTLER_MOUVMENT_ABILITY', 'MODIFIER_SINGLE_CITY_GRANT_ABILITY_FOR_TRAINED_UNITS', 0),
    ('BBG_SETTLER_MOUVMENT_ABILITY_MODIFIER', 'MODIFIER_PLAYER_UNIT_ADJUST_MOVEMENT', 1);
INSERT INTO ModifierArguments(ModifierId, Name, Value) VALUES
    ('BBG_GIVE_SETTLER_MOUVMENT_ABILITY', 'AbilityType', 'BBG_SETTLER_MOUVMENT_ABILITY'),
    ('BBG_SETTLER_MOUVMENT_ABILITY_MODIFIER', 'Amount', '1');
INSERT INTO GovernorPromotionModifiers(GovernorPromotionType, ModifierId) VALUES
    ('GOVERNOR_PROMOTION_RESOURCE_MANAGER_EXPEDITION', 'BBG_GIVE_SETTLER_MOUVMENT_ABILITY');
--=========================Magnus/Victor==================--
-- Increase prod and power for Magnus Industrialist promo
UPDATE ModifierArguments SET Value='4' WHERE ModifierId='INDUSTRIALIST_COAL_POWER_PLANT_PRODUCTION' AND Name='Amount';
UPDATE ModifierArguments SET Value='4' WHERE ModifierId='INDUSTRIALIST_OIL_POWER_PLANT_PRODUCTION' AND Name='Amount';
UPDATE ModifierArguments SET Value='4' WHERE ModifierId='INDUSTRIALIST_NUCLEAR_POWER_PLANT_PRODUCTION' AND Name='Amount';
UPDATE ModifierArguments SET Value='4' WHERE ModifierId='INDUSTRIALIST_RESOURCE_POWER_PROVIDED' AND Name='Amount';
-- Strategics required reduced to zero for Black Marketeer and swapped with Victor's Arms Race
UPDATE ModifierArguments SET Value='100' WHERE ModifierId='BLACK_MARKETEER_STRATEGIC_RESOURCE_COST_DISCOUNT' AND Name='Amount';
--=========================Liang=====================--
-- add prod to reinforced materials
INSERT OR IGNORE INTO RequirementSets ( RequirementSetId, RequirementSetType ) VALUES
    ( 'REQUIRES_PLOT_HAS_VOLCANIC_SOIL_BBG', 'REQUIREMENTSET_TEST_ANY' );
INSERT OR IGNORE INTO RequirementSetRequirements ( RequirementSetId, RequirementId ) VALUES
    ( 'REQUIRES_PLOT_HAS_VOLCANIC_SOIL_BBG', 'PLOT_VOLCANIC_SOIL_REQUIREMENT' );
INSERT OR IGNORE INTO Modifiers ( ModifierId, ModifierType, SubjectRequirementSetId ) VALUES
    ( 'REINFORCED_INFRASTRUCTURE_FLOODPLAINS_PROD_BBG', 'MODIFIER_CITY_PLOT_YIELDS_ADJUST_PLOT_YIELD', 'REQUIRES_PLOT_HAS_FLOODPLAINS_CPL' ),
    ( 'REINFORCED_INFRASTRUCTURE_VOLCANO_PROD_BBG', 'MODIFIER_CITY_PLOT_YIELDS_ADJUST_PLOT_YIELD', 'REQUIRES_PLOT_HAS_VOLCANIC_SOIL_BBG' );
INSERT OR IGNORE INTO ModifierArguments (ModifierId, Name, Value) VALUES
    ('REINFORCED_INFRASTRUCTURE_FLOODPLAINS_PROD_BBG', 'YieldType', 'YIELD_PRODUCTION'),
    ('REINFORCED_INFRASTRUCTURE_FLOODPLAINS_PROD_BBG', 'Amount', '1'),
    ('REINFORCED_INFRASTRUCTURE_VOLCANO_PROD_BBG', 'YieldType', 'YIELD_PRODUCTION'),
    ('REINFORCED_INFRASTRUCTURE_VOLCANO_PROD_BBG', 'Amount', '1');
UPDATE GovernorPromotions SET Level=1 WHERE GovernorPromotionType='GOVERNOR_PROMOTION_REINFORCED_INFRASTRUCTURE';
DELETE FROM GovernorPromotionPrereqs WHERE GovernorPromotionType='GOVERNOR_PROMOTION_REINFORCED_INFRASTRUCTURE';
INSERT OR IGNORE INTO GovernorPromotionPrereqs ( GovernorPromotionType, PrereqGovernorPromotion ) VALUES
    ( 'GOVERNOR_PROMOTION_REINFORCED_INFRASTRUCTURE', 'GOVERNOR_PROMOTION_BUILDER_GUILDMASTER' );
INSERT OR IGNORE INTO GovernorPromotionModifiers (GovernorPromotionType, ModifierId) VALUES
    ( 'GOVERNOR_PROMOTION_REINFORCED_INFRASTRUCTURE', 'REINFORCED_INFRASTRUCTURE_FLOODPLAINS_PROD_BBG' ),
    ( 'GOVERNOR_PROMOTION_REINFORCED_INFRASTRUCTURE', 'REINFORCED_INFRASTRUCTURE_VOLCANO_PROD_BBG' );

INSERT OR IGNORE INTO GovernorPromotionPrereqs ( GovernorPromotionType, PrereqGovernorPromotion ) VALUES
    ( 'GOVERNOR_PROMOTION_ZONING_COMMISSIONER', 'GOVERNOR_PROMOTION_WATER_WORKS' );
-- +1 housing for districts
DELETE FROM GovernorPromotionModifiers WHERE ModifierId='WATER_WORKS_NEIGHBORHOOD_HOUSING';
DELETE FROM GovernorPromotionModifiers WHERE ModifierId='WATER_WORKS_CANAL_AMENITY';
DELETE FROM GovernorPromotionModifiers WHERE ModifierId='WATER_WORKS_DAM_AMENITY';
UPDATE Modifiers SET SubjectRequirementSetId=NULL WHERE ModifierId='WATER_WORKS_AQUEDUCT_HOUSING';
UPDATE ModifierArguments SET Value='1' WHERE ModifierId='WATER_WORKS_AQUEDUCT_HOUSING' AND Name='Amount';
INSERT OR IGNORE INTO GovernorPromotionPrereqs (GovernorPromotionType, PrereqGovernorPromotion) VALUES
    ('GOVERNOR_PROMOTION_WATER_WORKS', 'AGRICULTURE_PROMOTION_BBG');
UPDATE GovernorPromotions SET Level=2, 'Column'=2 WHERE GovernorPromotionType='GOVERNOR_PROMOTION_WATER_WORKS';

INSERT OR IGNORE INTO GovernorPromotionPrereqs ( GovernorPromotionType, PrereqGovernorPromotion ) VALUES
    ( 'GOVERNOR_PROMOTION_PARKS_RECREATION', 'GOVERNOR_PROMOTION_REINFORCED_INFRASTRUCTURE' );