--==============================================================
--******                G O V E R N O R S                 ******
--==============================================================
--===============================Amani====================------
-- Amani's changed 1st right ability
DELETE FROM GovernorPromotionModifiers WHERE GovernorPromotionType='GOVERNOR_PROMOTION_AMBASSADOR_AFFLUENCE';

INSERT OR IGNORE INTO Modifiers (ModifierId, ModifierType, SubjectRequirementSetId)
    VALUES
    ('HORSES_AMANI_AMOUNT_MODIFIER', 'MODIFIER_PLAYER_ADJUST_FREE_RESOURCE_IMPORT_EXTRACTION', 'BBG_PLAYER_CAN_SEE_HORSES'),
    ('IRON_AMANI_AMOUNT_MODIFIER', 'MODIFIER_PLAYER_ADJUST_FREE_RESOURCE_IMPORT_EXTRACTION', 'BBG_PLAYER_CAN_SEE_IRON'),
    ('NITER_AMANI_AMOUNT_MODIFIER', 'MODIFIER_PLAYER_ADJUST_FREE_RESOURCE_IMPORT_EXTRACTION', 'BBG_PLAYER_CAN_SEE_NITER'),
    ('COAL_AMANI_AMOUNT_MODIFIER', 'MODIFIER_PLAYER_ADJUST_FREE_RESOURCE_IMPORT_EXTRACTION', 'BBG_PLAYER_CAN_SEE_COAL'),
    ('ALUMINUM_AMANI_AMOUNT_MODIFIER', 'MODIFIER_PLAYER_ADJUST_FREE_RESOURCE_IMPORT_EXTRACTION', 'BBG_PLAYER_CAN_SEE_ALUMINUM'),
    ('OIL_AMANI_AMOUNT_MODIFIER', 'MODIFIER_PLAYER_ADJUST_FREE_RESOURCE_IMPORT_EXTRACTION', 'BBG_PLAYER_CAN_SEE_OIL'),
    ('URANIUM_AMANI_AMOUNT_MODIFIER', 'MODIFIER_PLAYER_ADJUST_FREE_RESOURCE_IMPORT_EXTRACTION', 'BBG_PLAYER_CAN_SEE_URANIUM');
INSERT OR IGNORE INTO ModifierArguments (ModifierId, Name, Value)
    VALUES
    ('HORSES_AMANI_AMOUNT_MODIFIER', 'ResourceType', 'RESOURCE_HORSES'),
    ('HORSES_AMANI_AMOUNT_MODIFIER', 'Amount', '2'),
    ('IRON_AMANI_AMOUNT_MODIFIER', 'ResourceType', 'RESOURCE_IRON'),
    ('IRON_AMANI_AMOUNT_MODIFIER', 'Amount', '2'),
    ('NITER_AMANI_AMOUNT_MODIFIER', 'ResourceType', 'RESOURCE_NITER'),
    ('NITER_AMANI_AMOUNT_MODIFIER', 'Amount', '2'),
    ('COAL_AMANI_AMOUNT_MODIFIER', 'ResourceType', 'RESOURCE_COAL'),
    ('COAL_AMANI_AMOUNT_MODIFIER', 'Amount', '2'),
    ('ALUMINUM_AMANI_AMOUNT_MODIFIER', 'ResourceType', 'RESOURCE_ALUMINUM'),
    ('ALUMINUM_AMANI_AMOUNT_MODIFIER', 'Amount', '2'),
    ('OIL_AMANI_AMOUNT_MODIFIER', 'ResourceType', 'RESOURCE_OIL'),
    ('OIL_AMANI_AMOUNT_MODIFIER', 'Amount', '2'),
    ('URANIUM_AMANI_AMOUNT_MODIFIER', 'ResourceType', 'RESOURCE_URANIUM'),
    ('URANIUM_AMANI_AMOUNT_MODIFIER', 'Amount', '2');
INSERT OR IGNORE INTO GovernorPromotionModifiers VALUES
    ('GOVERNOR_PROMOTION_AMBASSADOR_AFFLUENCE', 'HORSES_AMANI_AMOUNT_MODIFIER'),
    ('GOVERNOR_PROMOTION_AMBASSADOR_AFFLUENCE', 'IRON_AMANI_AMOUNT_MODIFIER'),
    ('GOVERNOR_PROMOTION_AMBASSADOR_AFFLUENCE', 'NITER_AMANI_AMOUNT_MODIFIER'),
    ('GOVERNOR_PROMOTION_AMBASSADOR_AFFLUENCE', 'COAL_AMANI_AMOUNT_MODIFIER'),
    ('GOVERNOR_PROMOTION_AMBASSADOR_AFFLUENCE', 'ALUMINUM_AMANI_AMOUNT_MODIFIER'),
    ('GOVERNOR_PROMOTION_AMBASSADOR_AFFLUENCE', 'OIL_AMANI_AMOUNT_MODIFIER'),
    ('GOVERNOR_PROMOTION_AMBASSADOR_AFFLUENCE', 'URANIUM_AMANI_AMOUNT_MODIFIER');

-- Correct Amani's Spies promo
INSERT OR IGNORE INTO GovernorPromotionPrereqs (GovernorPromotionType, PrereqGovernorPromotion) VALUES
        ('GOVERNOR_PROMOTION_LOCAL_INFORMANTS', 'GOVERNOR_PROMOTION_AMBASSADOR_AFFLUENCE');
UPDATE GovernorPromotions SET 'Column'=2 WHERE GovernorPromotionType='GOVERNOR_PROMOTION_LOCAL_INFORMANTS';
--=========================Liang=====================--
-- add prod to reinforced materials
INSERT OR IGNORE INTO RequirementSets ( RequirementSetId, RequirementSetType ) VALUES
    ( 'REQUIRES_PLOT_HAS_VOLCANIC_SOIL_BBG', 'REQUIREMENTSET_TEST_ANY' );
INSERT OR IGNORE INTO RequirementSetRequirements ( RequirementSetId, RequirementId ) VALUES
    ( 'REQUIRES_PLOT_HAS_VOLCANIC_SOIL_BBG', 'PLOT_VOLCANIC_SOIL_REQUIREMENT' );
INSERT OR IGNORE INTO Modifiers ( ModifierId, ModifierType, SubjectRequirementSetId ) VALUES
    ( 'REINFORCED_INFRASTRUCTURE_FLOODPLAINS_PROD_BBG', 'MODIFIER_CITY_PLOT_YIELDS_ADJUST_PLOT_YIELD', 'REQUIRES_PLOT_HAS_FLOODPLAINS_CPL' ),
    ( 'REINFORCED_INFRASTRUCTURE_VOLCANO_PROD_BBG', 'MODIFIER_CITY_PLOT_YIELDS_ADJUST_PLOT_YIELD', 'REQUIRES_PLOT_HAS_VOLCANIC_SOIL_BBG' );
INSERT OR IGNORE INTO ModifierArguments (ModifierId, Name, Value) VALUES
    ('REINFORCED_INFRASTRUCTURE_FLOODPLAINS_PROD_BBG', 'YieldType', 'YIELD_PRODUCTION'),
    ('REINFORCED_INFRASTRUCTURE_FLOODPLAINS_PROD_BBG', 'Amount', '1'),
    ('REINFORCED_INFRASTRUCTURE_VOLCANO_PROD_BBG', 'YieldType', 'YIELD_PRODUCTION'),
    ('REINFORCED_INFRASTRUCTURE_VOLCANO_PROD_BBG', 'Amount', '1');
UPDATE GovernorPromotions SET Level=1 WHERE GovernorPromotionType='GOVERNOR_PROMOTION_REINFORCED_INFRASTRUCTURE';
DELETE FROM GovernorPromotionPrereqs WHERE GovernorPromotionType='GOVERNOR_PROMOTION_REINFORCED_INFRASTRUCTURE';
INSERT OR IGNORE INTO GovernorPromotionPrereqs ( GovernorPromotionType, PrereqGovernorPromotion ) VALUES
    ( 'GOVERNOR_PROMOTION_REINFORCED_INFRASTRUCTURE', 'GOVERNOR_PROMOTION_BUILDER_GUILDMASTER' );
INSERT OR IGNORE INTO GovernorPromotionModifiers (GovernorPromotionType, ModifierId) VALUES
    ( 'GOVERNOR_PROMOTION_REINFORCED_INFRASTRUCTURE', 'REINFORCED_INFRASTRUCTURE_FLOODPLAINS_PROD_BBG' ),
    ( 'GOVERNOR_PROMOTION_REINFORCED_INFRASTRUCTURE', 'REINFORCED_INFRASTRUCTURE_VOLCANO_PROD_BBG' );

INSERT OR IGNORE INTO GovernorPromotionPrereqs ( GovernorPromotionType, PrereqGovernorPromotion ) VALUES
    ( 'GOVERNOR_PROMOTION_ZONING_COMMISSIONER', 'GOVERNOR_PROMOTION_WATER_WORKS' );
-- +1 housing for districts
DELETE FROM GovernorPromotionModifiers WHERE ModifierId='WATER_WORKS_NEIGHBORHOOD_HOUSING';
DELETE FROM GovernorPromotionModifiers WHERE ModifierId='WATER_WORKS_CANAL_AMENITY';
DELETE FROM GovernorPromotionModifiers WHERE ModifierId='WATER_WORKS_DAM_AMENITY';
UPDATE Modifiers SET SubjectRequirementSetId=NULL WHERE ModifierId='WATER_WORKS_AQUEDUCT_HOUSING';
UPDATE ModifierArguments SET Value='1' WHERE ModifierId='WATER_WORKS_AQUEDUCT_HOUSING' AND Name='Amount';
INSERT OR IGNORE INTO GovernorPromotionPrereqs (GovernorPromotionType, PrereqGovernorPromotion) VALUES
    ('GOVERNOR_PROMOTION_WATER_WORKS', 'AGRICULTURE_PROMOTION_BBG');
UPDATE GovernorPromotions SET Level=2, 'Column'=2 WHERE GovernorPromotionType='GOVERNOR_PROMOTION_WATER_WORKS';

INSERT OR IGNORE INTO GovernorPromotionPrereqs ( GovernorPromotionType, PrereqGovernorPromotion ) VALUES
    ( 'GOVERNOR_PROMOTION_PARKS_RECREATION', 'GOVERNOR_PROMOTION_REINFORCED_INFRASTRUCTURE' );