-- 07/07/24 Mali 128973e rework

--===========================================================================
--=                                   MALI                                  =
--===========================================================================
UPDATE Units SET Combat=53 WHERE UnitType='UNIT_MALI_MANDEKALU_CAVALRY';

-- 25/10/23 Remove 30% prod malus for units/buildings, add global 15% prod malus
-- 19/12/25 Malus prod removed
DELETE FROM TraitModifiers WHERE TraitType = 'TRAIT_CIVILIZATION_MALI_GOLD_DESERT' AND ModifierId = 'TRAIT_LESS_UNIT_PRODUCTION';
DELETE FROM TraitModifiers WHERE TraitType = 'TRAIT_CIVILIZATION_MALI_GOLD_DESERT' AND ModifierId = 'TRAIT_LESS_BUILDING_PRODUCTION';

-- INSERT INTO TraitModifiers(TraitType, ModifierId) VALUES
--     ('TRAIT_CIVILIZATION_MALI_GOLD_DESERT', 'BBG_TRAIT_MALI_LESS_CITY_PRODUCTION');
-- INSERT INTO Modifiers(ModifierId, ModifierType) VALUES
--     ('BBG_TRAIT_MALI_LESS_CITY_PRODUCTION', 'MODIFIER_PLAYER_CITIES_ADJUST_CITY_YIELD_MODIFIER');
-- INSERT INTO ModifierArguments(ModifierId, Name, Value) VALUES
--     ('BBG_TRAIT_MALI_LESS_CITY_PRODUCTION', 'YieldType', 'YIELD_PRODUCTION'),
--     ('BBG_TRAIT_MALI_LESS_CITY_PRODUCTION', 'Amount', '-15');

-- Faith on cities removed
DELETE FROM TraitModifiers WHERE TraitType = 'TRAIT_CIVILIZATION_MALI_GOLD_DESERT' AND ModifierId = 'TRAIT_DESERT_CITY_CENTER_FAITH';
DELETE FROM TraitModifiers WHERE TraitType = 'TRAIT_CIVILIZATION_MALI_GOLD_DESERT' AND ModifierId = 'TRAIT_DESERT_HILLS_CITY_CENTER_FAITH';

-- 30/06/25 No longer get food from city center adjacency to desert, - prod and +4 golds
DELETE FROM TraitModifiers WHERE ModifierId IN ('TRAIT_DESERT_CITY_CENTER_FOOD', 'TRAIT_DESERT_HILLS_CITY_CENTER_FOOD', 'TRAIT_MALI_MINES_PRODUCTION', 'TRAIT_MALI_MINES_GOLD');

-- 30/06/25 +2 faith per city center if on desert tile (or if capital)
INSERT INTO Modifiers (ModifierId, ModifierType, OwnerRequirementSetId, SubjectRequirementSetId) VALUES
    ('BBG_MALI_FAITH_NEXT_DESERT', 'MODIFIER_PLAYER_DISTRICTS_ADJUST_YIELD_CHANGE', 'BBG_UTILS_PLAYER_HAS_CIVIC_FOREIGN_TRADE_REQSET', 'BBG_CITY_CENTER_DESERT_REQSET'),
    ('BBG_MALI_FAITH_NEXT_DESERT_HILLS', 'MODIFIER_PLAYER_DISTRICTS_ADJUST_YIELD_CHANGE', 'BBG_UTILS_PLAYER_HAS_CIVIC_FOREIGN_TRADE_REQSET', 'BBG_CITY_CENTER_DESERT_HILLS_REQSET'),
    ('BBG_MALI_FAITH_NEXT_CAPITAL', 'MODIFIER_PLAYER_DISTRICTS_ADJUST_YIELD_CHANGE', 'BBG_UTILS_PLAYER_HAS_CIVIC_FOREIGN_TRADE_REQSET', 'BBG_CITY_CENTER_CAPITAL_NO_DESERT_REQSET');
INSERT INTO ModifierArguments (ModifierId, Name, Value) VALUES
    ('BBG_MALI_FAITH_NEXT_DESERT', 'YieldType', 'YIELD_FAITH'),
    ('BBG_MALI_FAITH_NEXT_DESERT', 'Amount', 2),
    ('BBG_MALI_FAITH_NEXT_DESERT_HILLS', 'YieldType', 'YIELD_FAITH'),
    ('BBG_MALI_FAITH_NEXT_DESERT_HILLS', 'Amount', 2),
    ('BBG_MALI_FAITH_NEXT_CAPITAL', 'YieldType', 'YIELD_FAITH'),
    ('BBG_MALI_FAITH_NEXT_CAPITAL', 'Amount', 2);
INSERT INTO Requirements (RequirementId, RequirementType, Inverse) VALUES
    ('BBG_REQUIRES_PLOT_NO_DESERT', 'REQUIREMENT_PLOT_TERRAIN_TYPE_MATCHES', 1),
    ('BBG_REQUIRES_PLOT_NO_DESERT_HILLS', 'REQUIREMENT_PLOT_TERRAIN_TYPE_MATCHES', 1);
INSERT INTO RequirementArguments (RequirementId, Name, Value) VALUES
    ('BBG_REQUIRES_PLOT_NO_DESERT', 'TerrainType', 'TERRAIN_DESERT'),
    ('BBG_REQUIRES_PLOT_NO_DESERT_HILLS', 'TerrainType', 'TERRAIN_DESERT_HILLS');
INSERT INTO RequirementSets (RequirementSetId, RequirementSetType) VALUES
    ('BBG_CITY_CENTER_DESERT_REQSET', 'REQUIREMENTSET_TEST_ALL'),
    ('BBG_CITY_CENTER_DESERT_HILLS_REQSET', 'REQUIREMENTSET_TEST_ALL'),
    ('BBG_CITY_CENTER_CAPITAL_NO_DESERT_REQSET', 'REQUIREMENTSET_TEST_ALL');
INSERT INTO RequirementSetRequirements (RequirementSetId, RequirementId) VALUES
    ('BBG_CITY_CENTER_DESERT_REQSET', 'REQUIRES_PLOT_HAS_DESERT'),
    ('BBG_CITY_CENTER_DESERT_REQSET', 'BBG_REQUIRES_PLOT_IS_CITY_CENTER'),
    ('BBG_CITY_CENTER_DESERT_HILLS_REQSET', 'REQUIRES_PLOT_HAS_DESERT_HILLS'),
    ('BBG_CITY_CENTER_DESERT_HILLS_REQSET', 'BBG_REQUIRES_PLOT_IS_CITY_CENTER'),
    ('BBG_CITY_CENTER_CAPITAL_NO_DESERT_REQSET', 'REQUIRES_PLOT_IS_CAPITAL'),
    ('BBG_CITY_CENTER_CAPITAL_NO_DESERT_REQSET', 'BBG_REQUIRES_PLOT_NO_DESERT'),
    ('BBG_CITY_CENTER_CAPITAL_NO_DESERT_REQSET', 'BBG_REQUIRES_PLOT_NO_DESERT_HILLS');
INSERT INTO TraitModifiers (TraitType, ModifierId) VALUES
    ('TRAIT_CIVILIZATION_MALI_GOLD_DESERT', 'BBG_MALI_FAITH_NEXT_DESERT'),
    ('TRAIT_CIVILIZATION_MALI_GOLD_DESERT', 'BBG_MALI_FAITH_NEXT_DESERT_HILLS'),
    ('TRAIT_CIVILIZATION_MALI_GOLD_DESERT', 'BBG_MALI_FAITH_NEXT_CAPITAL');

-- 30/06/25 Ability to build farms in desert
INSERT INTO Modifiers (ModifierId, ModifierType, SubjectRequirementSetId) VALUES
    ('BBG_MALI_FARM_DESERT', 'MODIFIER_PLAYER_CITIES_ADJUST_IMPROVEMENT_VALID_TERRAIN', NULL),
    ('BBG_MALI_FARM_DESERT_HILL', 'MODIFIER_PLAYER_CITIES_ADJUST_IMPROVEMENT_VALID_TERRAIN', 'BBG_UTILS_PLAYER_HAS_CIVIC_CIVIL_ENGINEERING_REQSET');
INSERT INTO ModifierArguments (ModifierId, Name, Value) VALUES
    ('BBG_MALI_FARM_DESERT', 'ImprovementType', 'IMPROVEMENT_FARM'),
    ('BBG_MALI_FARM_DESERT_HILL', 'ImprovementType', 'IMPROVEMENT_FARM'),
    ('BBG_MALI_FARM_DESERT', 'TerrainType', 'TERRAIN_DESERT'),
    ('BBG_MALI_FARM_DESERT_HILL', 'TerrainType', 'TERRAIN_DESERT_HILLS');
INSERT INTO TraitModifiers (TraitType, ModifierId) VALUES
    ('TRAIT_CIVILIZATION_MALI_GOLD_DESERT', 'BBG_MALI_FARM_DESERT'),
    ('TRAIT_CIVILIZATION_MALI_GOLD_DESERT', 'BBG_MALI_FARM_DESERT_HILL');

-- 30/06/25 Desert tiles got 2 food (grassland equivalent) apart from oasis tile
-- BBG_REQUIRES_DISTRICT_IS_NOT_CITY_CENTER doesn't work, so creating a -2 for city center
INSERT INTO RequirementSets (RequirementSetId, RequirementSetType) VALUES
    ('BBG_PLOT_IS_DESERT_NO_CITY_CENTER_REQSET', 'REQUIREMENTSET_TEST_ALL'),
    ('BBG_PLOT_IS_DESERT_HILLS_NO_CITY_CENTER_REQSET', 'REQUIREMENTSET_TEST_ALL');
INSERT INTO RequirementSetRequirements (RequirementSetId, RequirementId) VALUES
    ('BBG_PLOT_IS_DESERT_NO_CITY_CENTER_REQSET', 'REQUIRES_PLOT_HAS_DESERT'),
    ('BBG_PLOT_IS_DESERT_NO_CITY_CENTER_REQSET', 'REQUIRES_PLOT_HAS_NO_FLOODPLAINS'),
    ('BBG_PLOT_IS_DESERT_NO_CITY_CENTER_REQSET', 'BBG_PLOT_HAS_NO_OASIS'),
    ('BBG_PLOT_IS_DESERT_NO_CITY_CENTER_REQSET', 'BBG_REQUIRES_DISTRICT_IS_NOT_CITY_CENTER'),
    ('BBG_PLOT_IS_DESERT_HILLS_NO_CITY_CENTER_REQSET', 'REQUIRES_PLOT_HAS_DESERT_HILLS'),
    ('BBG_PLOT_IS_DESERT_HILLS_NO_CITY_CENTER_REQSET', 'BBG_REQUIRES_DISTRICT_IS_NOT_CITY_CENTER');
INSERT INTO Requirements (RequirementId, RequirementType, Inverse) VALUES
    ('BBG_PLOT_HAS_NO_OASIS', 'REQUIREMENT_PLOT_FEATURE_TYPE_MATCHES', 1);
INSERT INTO RequirementArguments (RequirementId, Name, Value) VALUES
    ('BBG_PLOT_HAS_NO_OASIS', 'FeatureType', 'FEATURE_OASIS');
INSERT INTO Modifiers (ModifierId, ModifierType, SubjectRequirementSetId) VALUES
    ('BBG_MALI_FOOD_DESERT', 'MODIFIER_PLAYER_ADJUST_PLOT_YIELD', 'BBG_PLOT_IS_DESERT_NO_CITY_CENTER_REQSET'),
    ('BBG_MALI_FOOD_DESERT_HILLS', 'MODIFIER_PLAYER_ADJUST_PLOT_YIELD', 'BBG_PLOT_IS_DESERT_HILLS_NO_CITY_CENTER_REQSET');
INSERT INTO ModifierArguments (ModifierId, Name, Value) VALUES
    ('BBG_MALI_FOOD_DESERT', 'YieldType', 'YIELD_FOOD'),
    ('BBG_MALI_FOOD_DESERT', 'Amount', 2),
    ('BBG_MALI_FOOD_DESERT_HILLS', 'YieldType', 'YIELD_FOOD'),
    ('BBG_MALI_FOOD_DESERT_HILLS', 'Amount', 2);
INSERT INTO TraitModifiers (TraitType, ModifierId) VALUES
    ('TRAIT_CIVILIZATION_MALI_GOLD_DESERT', 'BBG_MALI_FOOD_DESERT'),
    ('TRAIT_CIVILIZATION_MALI_GOLD_DESERT', 'BBG_MALI_FOOD_DESERT_HILLS');

-- 30/06/25 +2 Gold on mines only on desert tiles
INSERT INTO RequirementSets (RequirementSetId, RequirementSetType) VALUES
    ('BBG_PLOT_IS_DESERT_MINE_REQSET', 'REQUIREMENTSET_TEST_ALL'),
    ('BBG_PLOT_IS_DESERT_HILLS_MINE_REQSET', 'REQUIREMENTSET_TEST_ALL');
INSERT INTO RequirementSetRequirements (RequirementSetId, RequirementId) VALUES
    ('BBG_PLOT_IS_DESERT_MINE_REQSET', 'REQUIRES_PLOT_HAS_DESERT'),
    ('BBG_PLOT_IS_DESERT_MINE_REQSET', 'REQUIRES_PLOT_HAS_MINE'),
    ('BBG_PLOT_IS_DESERT_HILLS_MINE_REQSET', 'REQUIRES_PLOT_HAS_DESERT_HILLS'),
    ('BBG_PLOT_IS_DESERT_HILLS_MINE_REQSET', 'REQUIRES_PLOT_HAS_MINE');
INSERT INTO Modifiers (ModifierId, ModifierType, SubjectRequirementSetId) VALUES
    ('BBG_MALI_GOLD_DESERT_MINES', 'MODIFIER_PLAYER_ADJUST_PLOT_YIELD', 'BBG_PLOT_IS_DESERT_MINE_REQSET'),
    ('BBG_MALI_GOLD_DESERT_HILLS_MINES', 'MODIFIER_PLAYER_ADJUST_PLOT_YIELD', 'BBG_PLOT_IS_DESERT_HILLS_MINE_REQSET');
INSERT INTO ModifierArguments (ModifierId, Name, Value) VALUES
    ('BBG_MALI_GOLD_DESERT_MINES', 'YieldType', 'YIELD_GOLD'),
    ('BBG_MALI_GOLD_DESERT_MINES', 'Amount', 2),
    ('BBG_MALI_GOLD_DESERT_HILLS_MINES', 'YieldType', 'YIELD_GOLD'),
    ('BBG_MALI_GOLD_DESERT_HILLS_MINES', 'Amount', 2);
INSERT INTO TraitModifiers (TraitType, ModifierId) VALUES
    ('TRAIT_CIVILIZATION_MALI_GOLD_DESERT', 'BBG_MALI_GOLD_DESERT_MINES'),
    ('TRAIT_CIVILIZATION_MALI_GOLD_DESERT', 'BBG_MALI_GOLD_DESERT_HILLS_MINES');

--===========================================================================
--=                                 SUGUBA                                  =
--===========================================================================

-- Cheaper purchase
-- 30/06/25 20% discount, from 10
UPDATE ModifierArguments SET Value=20 WHERE ModifierId IN ('SUGUBA_CHEAPER_BUILDING_PURCHASE', 'SUGUBA_CHEAPER_DISTRICT_PURCHASE');
UPDATE ModifierArguments SET Value=20 WHERE ModifierId='SUGUBA_CHEAPER_UNIT_PURCHASE' AND Name='Amount';

-- Normal adj from HS, City center, Rivers, Oasis and Gov Plaza
INSERT INTO Adjacency_YieldChanges(ID, Description, YieldType, YieldChange, AdjacentFeature) VALUES
    ('BBG_SUGUBA_OASIS', 'LOC_SUGUBA_OASIS_GOLD', 'YIELD_GOLD', 1, 'FEATURE_OASIS');
INSERT INTO Adjacency_YieldChanges(ID, Description, YieldType, YieldChange, AdjacentRiver) VALUES
    ('BBG_SUGUBA_RIVER', 'LOC_SUGUBA_RIVER_GOLD', 'YIELD_GOLD', 1, 1);
INSERT INTO Adjacency_YieldChanges(ID, Description, YieldType, YieldChange, AdjacentDistrict) VALUES
    ('BBG_SUGUBA_CITY_CENTER', 'LOC_DISTRICT_CITY_CENTER_GOLD', 'YIELD_GOLD', 1, 'DISTRICT_CITY_CENTER');
INSERT INTO District_Adjacencies(DistrictType, YieldChangeId) VALUES
    ('DISTRICT_SUGUBA', 'BBG_SUGUBA_OASIS'),
    ('DISTRICT_SUGUBA', 'BBG_SUGUBA_RIVER'),
    ('DISTRICT_SUGUBA', 'BBG_SUGUBA_CITY_CENTER');
DELETE FROM District_Adjacencies WHERE DistrictType = 'DISTRICT_SUGUBA' AND YieldChangeId = 'River_Gold';

UPDATE Adjacency_YieldChanges SET YieldChange=1 WHERE ID='Holy_Site_Gold';


--===========================================================================
--=                                 MANSA                                   =
--===========================================================================

-- Delete gold from traderoute based on number of desert tile in origin
DELETE FROM TraitModifiers WHERE ModifierId='TRADE_ROUTE_GOLD_DESERT_ORIGIN';

-- 19/03/24 Remove free trader per golden Mansa
-- Moved to 1 traderoute at Banking
DELETE FROM TraitModifiers WHERE ModifierId='GOLDEN_AGE_TRADE_ROUTE';
DELETE FROM Modifiers WHERE ModifierId='GOLDEN_AGE_TRADE_ROUTE';
DELETE FROM ModifierArguments WHERE ModifierId='GOLDEN_AGE_TRADE_ROUTE';

INSERT INTO Modifiers (ModifierId, ModifierType, SubjectRequirementSetId) VALUES
    ('TRAIT_BBG_MANSA_FREE_TRADER_BANKS', 'MODIFIER_PLAYER_ADJUST_TRADE_ROUTE_CAPACITY', 'BBG_UTILS_PLAYER_HAS_TECH_BANKING');
INSERT INTO ModifierArguments (ModifierId, Name, Value) VALUES
    ('TRAIT_BBG_MANSA_FREE_TRADER_BANKS', 'Amount', 1);
INSERT INTO TraitModifiers (TraitType, ModifierId) VALUES
    ('TRAIT_LEADER_SAHEL_MERCHANTS', 'TRAIT_BBG_MANSA_FREE_TRADER_BANKS');

-- Holy site +1 to Suguba / Sundiata is excluded in LP/Sundiata.sql
-- remove the classic +1 and give +2 on the Mansa one
INSERT INTO ExcludedAdjacencies(TraitType, YieldChangeId) VALUES
    ('TRAIT_LEADER_SAHEL_MERCHANTS', 'Holy_Site_Gold');
INSERT INTO Adjacency_YieldChanges(ID, Description, YieldType, YieldChange, AdjacentDistrict) VALUES
    ('BBG_SUGUBA_HOLY_SITE_MANSA', 'LOC_BBG_SUGUBA_HOLY_SITE_MANSA', 'YIELD_GOLD', 2, 'DISTRICT_HOLY_SITE');
INSERT INTO District_Adjacencies(DistrictType, YieldChangeId) VALUES
    ('DISTRICT_SUGUBA', 'BBG_SUGUBA_HOLY_SITE_MANSA');

-- 15% towards Holy Sites and its building
INSERT INTO Modifiers (ModifierId, ModifierType) VALUES
    ('BBG_MANSA_HOLY_SITE_BONUS_PRODUCTION', 'MODIFIER_PLAYER_CITIES_ADJUST_DISTRICT_PRODUCTION');
INSERT INTO ModifierArguments (ModifierId, Name, Value) VALUES
    ('BBG_MANSA_HOLY_SITE_BONUS_PRODUCTION', 'DistrictType', 'DISTRICT_HOLY_SITE'),
    ('BBG_MANSA_HOLY_SITE_BONUS_PRODUCTION', 'Amount', 15);
INSERT INTO TraitModifiers (TraitType, ModifierId) VALUES
    ('TRAIT_LEADER_SAHEL_MERCHANTS', 'BBG_MANSA_HOLY_SITE_BONUS_PRODUCTION');
INSERT INTO Modifiers (ModifierId, ModifierType) VALUES
    ('BBG_MANSA_HOLY_SITE_BONUS_PRODUCTION_BUILDING', 'MODIFIER_PLAYER_CITIES_ADJUST_BUILDING_PRODUCTION');
INSERT INTO ModifierArguments (ModifierId, Name, Value) VALUES
    ('BBG_MANSA_HOLY_SITE_BONUS_PRODUCTION_BUILDING', 'DistrictType', 'DISTRICT_HOLY_SITE'),
    ('BBG_MANSA_HOLY_SITE_BONUS_PRODUCTION_BUILDING', 'Amount', 15);
INSERT INTO TraitModifiers (TraitType, ModifierId) VALUES
    ('TRAIT_LEADER_SAHEL_MERCHANTS', 'BBG_MANSA_HOLY_SITE_BONUS_PRODUCTION_BUILDING');

