--==================
-- Sweden
--==================
-- open air museum moved to diplo service
UPDATE Improvements SET PrereqCivic='CIVIC_DIPLOMATIC_SERVICE' WHERE ImprovementType='IMPROVEMENT_OPEN_AIR_MUSEUM';
-- +50% prod towards libraries, universities, workshops, and factories
INSERT OR IGNORE INTO TraitModifiers (TraitType, ModifierId) VALUES
    ('TRAIT_CIVILIZATION_NOBEL_PRIZE', 'NOBEL_PRIZE_UNIVERISTY_BOOST'),
    ('TRAIT_CIVILIZATION_NOBEL_PRIZE', 'NOBEL_PRIZE_LIBRARY_BOOST'),
    ('TRAIT_CIVILIZATION_NOBEL_PRIZE', 'NOBEL_PRIZE_WORKSHOP_BOOST'),
    ('TRAIT_CIVILIZATION_NOBEL_PRIZE', 'NOBEL_PRIZE_FACTORY_BOOST');
INSERT OR IGNORE INTO Modifiers (ModifierId, ModifierType) VALUES
    ('NOBEL_PRIZE_LIBRARY_BOOST', 'MODIFIER_PLAYER_CITIES_ADJUST_BUILDING_PRODUCTION'),
    ('NOBEL_PRIZE_UNIVERISTY_BOOST', 'MODIFIER_PLAYER_CITIES_ADJUST_BUILDING_PRODUCTION'),
    ('NOBEL_PRIZE_WORKSHOP_BOOST', 'MODIFIER_PLAYER_CITIES_ADJUST_BUILDING_PRODUCTION'),
    ('NOBEL_PRIZE_FACTORY_BOOST', 'MODIFIER_PLAYER_CITIES_ADJUST_BUILDING_PRODUCTION');
INSERT OR IGNORE INTO ModifierArguments (ModifierId, Name, Value) VALUES 
    ('NOBEL_PRIZE_LIBRARY_BOOST', 'BuildingType', 'BUILDING_LIBRARY'),
    ('NOBEL_PRIZE_LIBRARY_BOOST', 'Amount', '50'),
    ('NOBEL_PRIZE_UNIVERISTY_BOOST', 'BuildingType', 'BUILDING_UNIVERSITY'),
    ('NOBEL_PRIZE_UNIVERISTY_BOOST', 'Amount', '50'),
    ('NOBEL_PRIZE_WORKSHOP_BOOST', 'BuildingType', 'BUILDING_WORKSHOP'),
    ('NOBEL_PRIZE_WORKSHOP_BOOST', 'Amount', '50'),
    ('NOBEL_PRIZE_FACTORY_BOOST', 'BuildingType', 'BUILDING_FACTORY'),
    ('NOBEL_PRIZE_FACTORY_BOOST', 'Amount', '50');

-- Queens Bibliotheque can be build with other t2 gouv
DELETE FROM MutuallyExclusiveBuildings WHERE Building='BUILDING_QUEENS_BIBLIOTHEQUE' OR MutuallyExclusiveBuilding='BUILDING_QUEENS_BIBLIOTHEQUE';

-- 29/08/2021: +50% Production toward Gov plaza buildings
INSERT INTO Modifiers(ModifierId, ModifierType) VALUES
    ('BBG_SWEDEN_GOV_BUILDINGS_PRODUCTION', 'MODIFIER_PLAYER_CITIES_ADJUST_BUILDING_PRODUCTION');
INSERT INTO ModifierArguments(ModifierId, Name, Value) VALUES
    ('BBG_SWEDEN_GOV_BUILDINGS_PRODUCTION', 'DistrictType', 'DISTRICT_GOVERNMENT'),
    ('BBG_SWEDEN_GOV_BUILDINGS_PRODUCTION', 'Amount', '50');
INSERT INTO TraitModifiers(TraitType, ModifierId) VALUES
    ('TRAIT_CIVILIZATION_NOBEL_PRIZE', 'BBG_SWEDEN_GOV_BUILDINGS_PRODUCTION');

-- 24/04/23 extra +2 food/prod when settling non capital city on desert/toundra/snow
INSERT INTO Modifiers (ModifierId, ModifierType, SubjectRequirementSetId) VALUES
    ('BBG_SWEDEN_FOODPROD_ON_DESERT_CITY_CENTER', 'MODIFIER_PLAYER_ADJUST_PLOT_YIELD', 'BBG_DESERT_CITY_CENTER'),
    ('BBG_SWEDEN_FOODPROD_ON_TOUNDRA_CITY_CENTER', 'MODIFIER_PLAYER_ADJUST_PLOT_YIELD', 'BBG_SNOW_CITY_CENTER'),
    ('BBG_SWEDEN_FOODPROD_ON_SNOW_CITY_CENTER', 'MODIFIER_PLAYER_ADJUST_PLOT_YIELD', 'BBG_TOUNDRA_CITY_CENTER'),
    ('BBG_SWEDEN_FOODPROD_ON_DESERT_HILLS_CITY_CENTER', 'MODIFIER_PLAYER_ADJUST_PLOT_YIELD', 'BBG_DESERT_HILLS_CITY_CENTER'),
    ('BBG_SWEDEN_FOODPROD_ON_TOUNDRA_HILLS_CITY_CENTER', 'MODIFIER_PLAYER_ADJUST_PLOT_YIELD', 'BBG_SNOW_HILLS_CITY_CENTER'),
    ('BBG_SWEDEN_FOODPROD_ON_SNOW_HILLS_CITY_CENTER', 'MODIFIER_PLAYER_ADJUST_PLOT_YIELD', 'BBG_TOUNDRA_HILLS_CITY_CENTER');
INSERT INTO ModifierArguments (ModifierId, Name, Value) VALUES
    ('BBG_SWEDEN_FOODPROD_ON_DESERT_CITY_CENTER', 'YieldType', 'YIELD_FOOD, YIELD_PRODUCTION'),
    ('BBG_SWEDEN_FOODPROD_ON_DESERT_CITY_CENTER', 'Amount', '2, 2'),
    ('BBG_SWEDEN_FOODPROD_ON_TOUNDRA_CITY_CENTER', 'YieldType', 'YIELD_FOOD, YIELD_PRODUCTION'),
    ('BBG_SWEDEN_FOODPROD_ON_TOUNDRA_CITY_CENTER', 'Amount', '2, 2'),
    ('BBG_SWEDEN_FOODPROD_ON_SNOW_CITY_CENTER', 'YieldType', 'YIELD_FOOD, YIELD_PRODUCTION'),
    ('BBG_SWEDEN_FOODPROD_ON_SNOW_CITY_CENTER', 'Amount', '2, 2'),
    ('BBG_SWEDEN_FOODPROD_ON_DESERT_HILLS_CITY_CENTER', 'YieldType', 'YIELD_FOOD, YIELD_PRODUCTION'),
    ('BBG_SWEDEN_FOODPROD_ON_DESERT_HILLS_CITY_CENTER', 'Amount', '2, 2'),
    ('BBG_SWEDEN_FOODPROD_ON_TOUNDRA_HILLS_CITY_CENTER', 'YieldType', 'YIELD_FOOD, YIELD_PRODUCTION'),
    ('BBG_SWEDEN_FOODPROD_ON_TOUNDRA_HILLS_CITY_CENTER', 'Amount', '2, 2'),
    ('BBG_SWEDEN_FOODPROD_ON_SNOW_HILLS_CITY_CENTER', 'YieldType', 'YIELD_FOOD, YIELD_PRODUCTION'),
    ('BBG_SWEDEN_FOODPROD_ON_SNOW_HILLS_CITY_CENTER', 'Amount', '2, 2');
INSERT INTO TraitModifiers(TraitType, ModifierId) VALUES
    ('TRAIT_CIVILIZATION_NOBEL_PRIZE', 'BBG_SWEDEN_FOODPROD_ON_DESERT_CITY_CENTER'),
    ('TRAIT_CIVILIZATION_NOBEL_PRIZE', 'BBG_SWEDEN_FOODPROD_ON_TOUNDRA_CITY_CENTER'),
    ('TRAIT_CIVILIZATION_NOBEL_PRIZE', 'BBG_SWEDEN_FOODPROD_ON_SNOW_CITY_CENTER'),
    ('TRAIT_CIVILIZATION_NOBEL_PRIZE', 'BBG_SWEDEN_FOODPROD_ON_DESERT_HILLS_CITY_CENTER'),
    ('TRAIT_CIVILIZATION_NOBEL_PRIZE', 'BBG_SWEDEN_FOODPROD_ON_TOUNDRA_HILLS_CITY_CENTER'),
    ('TRAIT_CIVILIZATION_NOBEL_PRIZE', 'BBG_SWEDEN_FOODPROD_ON_SNOW_HILLS_CITY_CENTER');

INSERT INTO RequirementSets (RequirementSetId, RequirementSetType) VALUES
    ('BBG_DESERT_CITY_CENTER', 'REQUIREMENTSET_TEST_ALL'),
    ('BBG_SNOW_CITY_CENTER', 'REQUIREMENTSET_TEST_ALL'),
    ('BBG_TOUNDRA_CITY_CENTER', 'REQUIREMENTSET_TEST_ALL'),
    ('BBG_DESERT_HILLS_CITY_CENTER', 'REQUIREMENTSET_TEST_ALL'),
    ('BBG_SNOW_HILLS_CITY_CENTER', 'REQUIREMENTSET_TEST_ALL'),
    ('BBG_TOUNDRA_HILLS_CITY_CENTER', 'REQUIREMENTSET_TEST_ALL');
INSERT INTO RequirementSetRequirements (RequirementSetId, RequirementId) VALUES
    ('BBG_DESERT_CITY_CENTER', 'REQUIRES_PLOT_HAS_DESERT'),
    ('BBG_DESERT_CITY_CENTER', 'BBG_REQUIRES_PLOT_IS_CITY_CENTER'),
    ('BBG_DESERT_CITY_CENTER', 'REQUIRES_OBJECT_1_OR_MORE_TILES_FROM_CAPITAL'),
    ('BBG_SNOW_CITY_CENTER', 'REQUIRES_PLOT_HAS_SNOW'),
    ('BBG_SNOW_CITY_CENTER', 'BBG_REQUIRES_PLOT_IS_CITY_CENTER'),
    ('BBG_SNOW_CITY_CENTER', 'REQUIRES_OBJECT_1_OR_MORE_TILES_FROM_CAPITAL'),
    ('BBG_TOUNDRA_CITY_CENTER', 'REQUIRES_PLOT_HAS_TUNDRA'),
    ('BBG_TOUNDRA_CITY_CENTER', 'BBG_REQUIRES_PLOT_IS_CITY_CENTER'),
    ('BBG_TOUNDRA_CITY_CENTER', 'REQUIRES_OBJECT_1_OR_MORE_TILES_FROM_CAPITAL'),
    ('BBG_DESERT_HILLS_CITY_CENTER', 'REQUIRES_PLOT_HAS_DESERT_HILLS'),
    ('BBG_DESERT_HILLS_CITY_CENTER', 'BBG_REQUIRES_PLOT_IS_CITY_CENTER'),
    ('BBG_DESERT_HILLS_CITY_CENTER', 'REQUIRES_OBJECT_1_OR_MORE_TILES_FROM_CAPITAL'),
    ('BBG_SNOW_HILLS_CITY_CENTER', 'BBG_REQUIRES_PLOT_HAS_SNOW_HILLS'),
    ('BBG_SNOW_HILLS_CITY_CENTER', 'BBG_REQUIRES_PLOT_IS_CITY_CENTER'),
    ('BBG_SNOW_HILLS_CITY_CENTER', 'REQUIRES_OBJECT_1_OR_MORE_TILES_FROM_CAPITAL'),
    ('BBG_TOUNDRA_HILLS_CITY_CENTER', 'REQUIRES_PLOT_HAS_TUNDRA_HILLS'),
    ('BBG_TOUNDRA_HILLS_CITY_CENTER', 'BBG_REQUIRES_PLOT_IS_CITY_CENTER'),
    ('BBG_TOUNDRA_HILLS_CITY_CENTER', 'REQUIRES_OBJECT_1_OR_MORE_TILES_FROM_CAPITAL');
    
INSERT INTO Requirements (RequirementId, RequirementType, Inverse) VALUES
    ('BBG_REQUIRES_PLOT_HAS_SNOW_HILLS', 'REQUIREMENT_PLOT_TERRAIN_TYPE_MATCHES', 0);
    -- ('BBG_REQUIRES_CITY_IS_NOT_CAPITAL', 'REQUIREMENT_COLLECTION_COUNT_ATLEAST', 1);
INSERT INTO RequirementArguments (RequirementId, Name, Value) VALUES
    ('BBG_REQUIRES_PLOT_HAS_SNOW_HILLS', 'TerrainType', 'TERRAIN_SNOW_HILLS');
    -- ('BBG_REQUIRES_CITY_IS_NOT_CAPITAL', 'CollectionType', 'COLLECTION_PLAYER_CAPITAL_CITY'),
    -- ('BBG_REQUIRES_CITY_IS_NOT_CAPITAL', 'Count', '1');