--16/04/23 Cleopatra get bonus only on improved tiles
-- INSERT OR IGNORE INTO Requirements (RequirementId, RequirementType) VALUES
--     ('BBG_TILE_HAS_ANY_IMPROVEMENT', 'REQUIREMENT_PLOT_HAS_ANY_IMPROVEMENT');
-- INSERT INTO RequirementSets (RequirementSetId, RequirementSetType) VALUES
--     ('BBG_TILE_HAS_ANY_IMPROVEMENT_ON_FLOODPLAIN_RESSOURCES_REQSET', 'REQUIREMENTSET_TEST_ALL');
-- INSERT INTO RequirementSetRequirements (RequirementSetId, RequirementId) VALUES
--     ('BBG_TILE_HAS_ANY_IMPROVEMENT_ON_FLOODPLAIN_RESSOURCES_REQSET', 'BBG_TILE_HAS_ANY_IMPROVEMENT'),
--     ('BBG_TILE_HAS_ANY_IMPROVEMENT_ON_FLOODPLAIN_RESSOURCES_REQSET', 'REQUIRES_PLOT_HAS_VISIBLE_RESOURCE'),
--     ('BBG_TILE_HAS_ANY_IMPROVEMENT_ON_FLOODPLAIN_RESSOURCES_REQSET', 'REQUIRES_FLOODPLAINS_REQUIREMENT');

-- UPDATE Modifiers SET SubjectRequirementSetId='BBG_TILE_HAS_ANY_IMPROVEMENT_ON_FLOODPLAIN_RESSOURCES_REQSET' WHERE ModifierId='CLEOPATRA_FLOODPLAINS_RESOURCE_YIELD';

-- 17/04/23
INSERT INTO Modifiers (ModifierId, ModifierType, SubjectRequirementSetId) VALUES 
    ('BBG_CLEOPATRA_FLOODPLAINS_RESOURCE_CULTURE_ON_CITY_CENTER', 'MODIFIER_PLAYER_ADJUST_PLOT_YIELD', 'BBG_TILE_IS_CITY_CENTER_ON_FLOODPLAIN_RESSOURCES_CODE_OF_LAWS_REQSET');
INSERT INTO ModifierArguments (ModifierId, Name, Value) VALUES
    ('BBG_CLEOPATRA_FLOODPLAINS_RESOURCE_CULTURE_ON_CITY_CENTER', 'YieldType', 'YIELD_CULTURE'),
    ('BBG_CLEOPATRA_FLOODPLAINS_RESOURCE_CULTURE_ON_CITY_CENTER', 'Amount', '1');
INSERT INTO RequirementSets (RequirementSetId, RequirementSetType) VALUES
    ('BBG_TILE_IS_CITY_CENTER_ON_FLOODPLAIN_RESSOURCES_CODE_OF_LAWS_REQSET', 'REQUIREMENTSET_TEST_ALL');
INSERT INTO RequirementSetRequirements (RequirementSetId, RequirementId) VALUES
    ('BBG_TILE_IS_CITY_CENTER_ON_FLOODPLAIN_RESSOURCES_CODE_OF_LAWS_REQSET', 'BBG_REQUIRES_PLOT_IS_CITY_CENTER'),
    ('BBG_TILE_IS_CITY_CENTER_ON_FLOODPLAIN_RESSOURCES_CODE_OF_LAWS_REQSET', 'REQUIRES_PLOT_HAS_VISIBLE_RESOURCE'),
    ('BBG_TILE_IS_CITY_CENTER_ON_FLOODPLAIN_RESSOURCES_CODE_OF_LAWS_REQSET', 'REQUIRES_FLOODPLAINS_REQUIREMENT'),
    ('BBG_TILE_IS_CITY_CENTER_ON_FLOODPLAIN_RESSOURCES_CODE_OF_LAWS_REQSET', 'BBG_UTILS_PLAYER_HAS_CIVIC_CODE_OF_LAWS_REQUIREMENT');
INSERT INTO TraitModifiers (TraitType, ModifierId) VALUES
    ('TRAIT_LEADER_CLEOPATRA_ALT', 'BBG_CLEOPATRA_FLOODPLAINS_RESOURCE_CULTURE_ON_CITY_CENTER');

INSERT INTO Modifiers (ModifierId, ModifierType, SubjectRequirementSetId) VALUES 
    ('BBG_CLEOPATRA_FLOODPLAINS_RESOURCE_FOOD_ON_CITY_CENTER', 'MODIFIER_PLAYER_ADJUST_PLOT_YIELD', 'BBG_TILE_IS_CITY_CENTER_ON_FLOODPLAIN_RESSOURCES_REQSET');
INSERT INTO ModifierArguments (ModifierId, Name, Value) VALUES
    ('BBG_CLEOPATRA_FLOODPLAINS_RESOURCE_FOOD_ON_CITY_CENTER', 'YieldType', 'YIELD_FOOD'),
    ('BBG_CLEOPATRA_FLOODPLAINS_RESOURCE_FOOD_ON_CITY_CENTER', 'Amount', '1');
INSERT INTO RequirementSets (RequirementSetId, RequirementSetType) VALUES
    ('BBG_TILE_IS_CITY_CENTER_ON_FLOODPLAIN_RESSOURCES_REQSET', 'REQUIREMENTSET_TEST_ALL');
INSERT INTO RequirementSetRequirements (RequirementSetId, RequirementId) VALUES
    ('BBG_TILE_IS_CITY_CENTER_ON_FLOODPLAIN_RESSOURCES_REQSET', 'BBG_REQUIRES_PLOT_IS_CITY_CENTER'),
    ('BBG_TILE_IS_CITY_CENTER_ON_FLOODPLAIN_RESSOURCES_REQSET', 'REQUIRES_PLOT_HAS_VISIBLE_RESOURCE'),
    ('BBG_TILE_IS_CITY_CENTER_ON_FLOODPLAIN_RESSOURCES_REQSET', 'REQUIRES_FLOODPLAINS_REQUIREMENT');
INSERT INTO TraitModifiers (TraitType, ModifierId) VALUES
    ('TRAIT_LEADER_CLEOPATRA_ALT', 'BBG_CLEOPATRA_FLOODPLAINS_RESOURCE_FOOD_ON_CITY_CENTER');


INSERT INTO Modifiers (ModifierId, ModifierType, SubjectRequirementSetId) VALUES 
    ('BBG_CLEOPATRA_FLOODPLAINS_RESOURCE_CULTURE_ON_BONUS_RESOURCE', 'MODIFIER_PLAYER_ADJUST_PLOT_YIELD', 'BBG_TILE_IS_FLOODPLAIN_BONUS_RESOURCE_IMPROVED_CODE_OF_LAWS');
INSERT INTO ModifierArguments (ModifierId, Name, Value) VALUES
    ('BBG_CLEOPATRA_FLOODPLAINS_RESOURCE_CULTURE_ON_BONUS_RESOURCE', 'YieldType', 'YIELD_CULTURE'),
    ('BBG_CLEOPATRA_FLOODPLAINS_RESOURCE_CULTURE_ON_BONUS_RESOURCE', 'Amount', '1');
INSERT INTO RequirementSets (RequirementSetId, RequirementSetType) VALUES
    ('BBG_TILE_IS_FLOODPLAIN_BONUS_RESOURCE_IMPROVED_CODE_OF_LAWS', 'REQUIREMENTSET_TEST_ALL');
INSERT INTO RequirementSetRequirements (RequirementSetId, RequirementId) VALUES
    ('BBG_TILE_IS_FLOODPLAIN_BONUS_RESOURCE_IMPROVED_CODE_OF_LAWS', 'REQUIRES_PLOT_HAS_IMPROVED_BONUS'),
    ('BBG_TILE_IS_FLOODPLAIN_BONUS_RESOURCE_IMPROVED_CODE_OF_LAWS', 'REQUIRES_FLOODPLAINS_REQUIREMENT'),
    ('BBG_TILE_IS_FLOODPLAIN_BONUS_RESOURCE_IMPROVED_CODE_OF_LAWS', 'BBG_UTILS_PLAYER_HAS_CIVIC_CODE_OF_LAWS_REQUIREMENT');
INSERT INTO Modifiers (ModifierId, ModifierType, SubjectRequirementSetId) VALUES 
    ('BBG_CLEOPATRA_FLOODPLAINS_RESOURCE_CULTURE_ON_LUX_RESOURCE', 'MODIFIER_PLAYER_ADJUST_PLOT_YIELD', 'BBG_TILE_IS_FLOODPLAIN_LUX_RESOURCE_IMPROVED_CODE_OF_LAWS');
INSERT INTO ModifierArguments (ModifierId, Name, Value) VALUES
    ('BBG_CLEOPATRA_FLOODPLAINS_RESOURCE_CULTURE_ON_LUX_RESOURCE', 'YieldType', 'YIELD_CULTURE'),
    ('BBG_CLEOPATRA_FLOODPLAINS_RESOURCE_CULTURE_ON_LUX_RESOURCE', 'Amount', '1');
INSERT INTO RequirementSets (RequirementSetId, RequirementSetType) VALUES
    ('BBG_TILE_IS_FLOODPLAIN_LUX_RESOURCE_IMPROVED_CODE_OF_LAWS', 'REQUIREMENTSET_TEST_ALL');
INSERT INTO RequirementSetRequirements (RequirementSetId, RequirementId) VALUES
    ('BBG_TILE_IS_FLOODPLAIN_LUX_RESOURCE_IMPROVED_CODE_OF_LAWS', 'REQUIRES_PLOT_HAS_IMPROVED_LUXURY'),
    ('BBG_TILE_IS_FLOODPLAIN_LUX_RESOURCE_IMPROVED_CODE_OF_LAWS', 'REQUIRES_FLOODPLAINS_REQUIREMENT'),
    ('BBG_TILE_IS_FLOODPLAIN_LUX_RESOURCE_IMPROVED_CODE_OF_LAWS', 'BBG_UTILS_PLAYER_HAS_CIVIC_CODE_OF_LAWS_REQUIREMENT');
INSERT INTO Modifiers (ModifierId, ModifierType, SubjectRequirementSetId) VALUES 
    ('BBG_CLEOPATRA_FLOODPLAINS_RESOURCE_CULTURE_ON_STRAT_RESOURCE', 'MODIFIER_PLAYER_ADJUST_PLOT_YIELD', 'BBG_TILE_IS_FLOODPLAIN_STRAT_RESOURCE_IMPROVED_CODE_OF_LAWS');
INSERT INTO ModifierArguments (ModifierId, Name, Value) VALUES
    ('BBG_CLEOPATRA_FLOODPLAINS_RESOURCE_CULTURE_ON_STRAT_RESOURCE', 'YieldType', 'YIELD_CULTURE'),
    ('BBG_CLEOPATRA_FLOODPLAINS_RESOURCE_CULTURE_ON_STRAT_RESOURCE', 'Amount', '1');
INSERT INTO RequirementSets (RequirementSetId, RequirementSetType) VALUES
    ('BBG_TILE_IS_FLOODPLAIN_STRAT_RESOURCE_IMPROVED_CODE_OF_LAWS', 'REQUIREMENTSET_TEST_ALL');
INSERT INTO RequirementSetRequirements (RequirementSetId, RequirementId) VALUES
    ('BBG_TILE_IS_FLOODPLAIN_STRAT_RESOURCE_IMPROVED_CODE_OF_LAWS', 'REQUIRES_PLOT_HAS_IMPROVED_STRATEGIC'),
    ('BBG_TILE_IS_FLOODPLAIN_STRAT_RESOURCE_IMPROVED_CODE_OF_LAWS', 'REQUIRES_FLOODPLAINS_REQUIREMENT'),
    ('BBG_TILE_IS_FLOODPLAIN_STRAT_RESOURCE_IMPROVED_CODE_OF_LAWS', 'BBG_UTILS_PLAYER_HAS_CIVIC_CODE_OF_LAWS_REQUIREMENT'); 

INSERT INTO Modifiers (ModifierId, ModifierType, SubjectRequirementSetId) VALUES 
    ('BBG_CLEOPATRA_FLOODPLAINS_RESOURCE_FOOD_ON_BONUS_RESOURCE', 'MODIFIER_PLAYER_ADJUST_PLOT_YIELD', 'BBG_TILE_IS_FLOODPLAIN_BONUS_RESOURCE_IMPROVED');
INSERT INTO ModifierArguments (ModifierId, Name, Value) VALUES
    ('BBG_CLEOPATRA_FLOODPLAINS_RESOURCE_FOOD_ON_BONUS_RESOURCE', 'YieldType', 'YIELD_FOOD'),
    ('BBG_CLEOPATRA_FLOODPLAINS_RESOURCE_FOOD_ON_BONUS_RESOURCE', 'Amount', '1');
INSERT INTO RequirementSets (RequirementSetId, RequirementSetType) VALUES
    ('BBG_TILE_IS_FLOODPLAIN_BONUS_RESOURCE_IMPROVED', 'REQUIREMENTSET_TEST_ALL');
INSERT INTO RequirementSetRequirements (RequirementSetId, RequirementId) VALUES
    ('BBG_TILE_IS_FLOODPLAIN_BONUS_RESOURCE_IMPROVED', 'REQUIRES_PLOT_HAS_IMPROVED_BONUS'),
    ('BBG_TILE_IS_FLOODPLAIN_BONUS_RESOURCE_IMPROVED', 'REQUIRES_FLOODPLAINS_REQUIREMENT');
INSERT INTO Modifiers (ModifierId, ModifierType, SubjectRequirementSetId) VALUES 
    ('BBG_CLEOPATRA_FLOODPLAINS_RESOURCE_FOOD_ON_LUX_RESOURCE', 'MODIFIER_PLAYER_ADJUST_PLOT_YIELD', 'BBG_TILE_IS_FLOODPLAIN_LUX_RESOURCE_IMPROVED');
INSERT INTO ModifierArguments (ModifierId, Name, Value) VALUES
    ('BBG_CLEOPATRA_FLOODPLAINS_RESOURCE_FOOD_ON_LUX_RESOURCE', 'YieldType', 'YIELD_FOOD'),
    ('BBG_CLEOPATRA_FLOODPLAINS_RESOURCE_FOOD_ON_LUX_RESOURCE', 'Amount', '1');
INSERT INTO RequirementSets (RequirementSetId, RequirementSetType) VALUES
    ('BBG_TILE_IS_FLOODPLAIN_LUX_RESOURCE_IMPROVED', 'REQUIREMENTSET_TEST_ALL');
INSERT INTO RequirementSetRequirements (RequirementSetId, RequirementId) VALUES
    ('BBG_TILE_IS_FLOODPLAIN_LUX_RESOURCE_IMPROVED', 'REQUIRES_PLOT_HAS_IMPROVED_LUXURY'),
    ('BBG_TILE_IS_FLOODPLAIN_LUX_RESOURCE_IMPROVED', 'REQUIRES_FLOODPLAINS_REQUIREMENT');
INSERT INTO Modifiers (ModifierId, ModifierType, SubjectRequirementSetId) VALUES 
    ('BBG_CLEOPATRA_FLOODPLAINS_RESOURCE_FOOD_ON_STRAT_RESOURCE', 'MODIFIER_PLAYER_ADJUST_PLOT_YIELD', 'BBG_TILE_IS_FLOODPLAIN_STRAT_RESOURCE_IMPROVED');
INSERT INTO ModifierArguments (ModifierId, Name, Value) VALUES
    ('BBG_CLEOPATRA_FLOODPLAINS_RESOURCE_FOOD_ON_STRAT_RESOURCE', 'YieldType', 'YIELD_FOOD'),
    ('BBG_CLEOPATRA_FLOODPLAINS_RESOURCE_FOOD_ON_STRAT_RESOURCE', 'Amount', '1');
INSERT INTO RequirementSets (RequirementSetId, RequirementSetType) VALUES
    ('BBG_TILE_IS_FLOODPLAIN_STRAT_RESOURCE_IMPROVED', 'REQUIREMENTSET_TEST_ALL');
INSERT INTO RequirementSetRequirements (RequirementSetId, RequirementId) VALUES
    ('BBG_TILE_IS_FLOODPLAIN_STRAT_RESOURCE_IMPROVED', 'REQUIRES_PLOT_HAS_IMPROVED_STRATEGIC'),
    ('BBG_TILE_IS_FLOODPLAIN_STRAT_RESOURCE_IMPROVED', 'REQUIRES_FLOODPLAINS_REQUIREMENT'); 

INSERT INTO TraitModifiers (TraitType, ModifierId) VALUES
    ('TRAIT_LEADER_CLEOPATRA_ALT', 'BBG_CLEOPATRA_FLOODPLAINS_RESOURCE_CULTURE_ON_BONUS_RESOURCE'),
    ('TRAIT_LEADER_CLEOPATRA_ALT', 'BBG_CLEOPATRA_FLOODPLAINS_RESOURCE_CULTURE_ON_STRAT_RESOURCE'),
    ('TRAIT_LEADER_CLEOPATRA_ALT', 'BBG_CLEOPATRA_FLOODPLAINS_RESOURCE_CULTURE_ON_LUX_RESOURCE'),
    ('TRAIT_LEADER_CLEOPATRA_ALT', 'BBG_CLEOPATRA_FLOODPLAINS_RESOURCE_FOOD_ON_BONUS_RESOURCE'),
    ('TRAIT_LEADER_CLEOPATRA_ALT', 'BBG_CLEOPATRA_FLOODPLAINS_RESOURCE_FOOD_ON_STRAT_RESOURCE'),
    ('TRAIT_LEADER_CLEOPATRA_ALT', 'BBG_CLEOPATRA_FLOODPLAINS_RESOURCE_FOOD_ON_LUX_RESOURCE');

DELETE FROM Modifiers WHERE ModifierId='CLEOPATRA_FLOODPLAINS_RESOURCE_YIELD';
