--==================
-- QinUnifier
--==================
-- 16/04/23 encampment gives writers point
INSERT INTO Modifiers (ModifierId, ModifierType, SubjectRequirementSetId) VALUES
    ('BBG_QIN_UNIFIER_WRITER_POINT_WITH_ENCAMPMENT', 'MODIFIER_PLAYER_CITIES_ATTACH_MODIFIER', NULL),
    ('BBG_QIN_UNIFIER_WRITER_POINT_WITH_ENCAMPMENT_MODIFIER', 'MODIFIER_SINGLE_CITY_DISTRICTS_ADJUST_GREAT_PERSON_POINTS', 'DISTRICT_IS_ENCAMPMENT');
INSERT INTO ModifierArguments (ModifierId, Name, Value) VALUES
    ('BBG_QIN_UNIFIER_WRITER_POINT_WITH_ENCAMPMENT', 'ModifierId', 'BBG_QIN_UNIFIER_WRITER_POINT_WITH_ENCAMPMENT_MODIFIER'),
    ('BBG_QIN_UNIFIER_WRITER_POINT_WITH_ENCAMPMENT_MODIFIER', 'GreatPersonClassType', 'GREAT_PERSON_CLASS_WRITER'),
    ('BBG_QIN_UNIFIER_WRITER_POINT_WITH_ENCAMPMENT_MODIFIER', 'Amount', '1');
INSERT INTO TraitModifiers (TraitType , ModifierId) VALUES
    ('TRAIT_LEADER_QIN' , 'BBG_QIN_UNIFIER_WRITER_POINT_WITH_ENCAMPMENT');

-- 16/04/23: +50% Production toward encampent buildings
INSERT INTO Modifiers(ModifierId, ModifierType) VALUES
    ('BBG_QIN_UNIFIER_ENCAMPMENT_BUILDING_PRODUCTION', 'MODIFIER_PLAYER_CITIES_ADJUST_BUILDING_PRODUCTION');
INSERT INTO ModifierArguments(ModifierId, Name, Value) VALUES
    ('BBG_QIN_UNIFIER_ENCAMPMENT_BUILDING_PRODUCTION', 'DistrictType', 'DISTRICT_ENCAMPMENT'),
    ('BBG_QIN_UNIFIER_ENCAMPMENT_BUILDING_PRODUCTION', 'Amount', '50');
INSERT INTO TraitModifiers(TraitType, ModifierId) VALUES
    ('TRAIT_LEADER_QIN', 'BBG_QIN_UNIFIER_ENCAMPMENT_BUILDING_PRODUCTION');

-- 16/04/23: great work slot per barrack
INSERT INTO Modifiers(ModifierId, ModifierType) VALUES
    ('BBG_QIN_UNIFIER_BARRACK_GIVE_GREAT_WORK_SLOT', 'MODIFIER_PLAYER_CITIES_ADJUST_EXTRA_GREAT_WORK_SLOTS');
INSERT INTO ModifierArguments(ModifierId, Name, Value) VALUES
    ('BBG_QIN_UNIFIER_BARRACK_GIVE_GREAT_WORK_SLOT', 'BuildingType', 'BUILDING_BARRACKS'),
    ('BBG_QIN_UNIFIER_BARRACK_GIVE_GREAT_WORK_SLOT', 'GreatWorkSlotType', 'GREATWORKSLOT_WRITING'),
    ('BBG_QIN_UNIFIER_BARRACK_GIVE_GREAT_WORK_SLOT', 'Amount', '2');
INSERT INTO TraitModifiers(TraitType, ModifierId) VALUES
    ('TRAIT_LEADER_QIN', 'BBG_QIN_UNIFIER_BARRACK_GIVE_GREAT_WORK_SLOT');


-- 02/07/24 General/writers give inspiration and eureka when recruited
INSERT INTO Modifiers (ModifierId, ModifierType) VALUES
    ('BBG_QIN_UNIFIER_WRITER_GIVE_INSPIRATION', 'MODIFIER_PLAYER_GRANT_BOOST_WITH_GREAT_PERSON'),
    ('BBG_QIN_UNIFIER_WRITER_GIVE_EUREKA', 'MODIFIER_PLAYER_GRANT_BOOST_WITH_GREAT_PERSON'),
    ('BBG_QIN_UNIFIER_GENERAL_GIVE_INSPIRATION', 'MODIFIER_PLAYER_GRANT_BOOST_WITH_GREAT_PERSON'),
    ('BBG_QIN_UNIFIER_GENERAL_GIVE_EUREKA', 'MODIFIER_PLAYER_GRANT_BOOST_WITH_GREAT_PERSON');

INSERT INTO ModifierArguments (ModifierId, Name, Value) VALUES
    ('BBG_QIN_UNIFIER_WRITER_GIVE_INSPIRATION', 'GreatPersonClass', 'GREAT_PERSON_CLASS_WRITER'),
    ('BBG_QIN_UNIFIER_WRITER_GIVE_INSPIRATION', 'TechBoost', 0),
    ('BBG_QIN_UNIFIER_WRITER_GIVE_INSPIRATION', 'OtherPlayers', 0),
    ('BBG_QIN_UNIFIER_WRITER_GIVE_EUREKA', 'GreatPersonClass', 'GREAT_PERSON_CLASS_WRITER'),
    ('BBG_QIN_UNIFIER_WRITER_GIVE_EUREKA', 'TechBoost', 1),
    ('BBG_QIN_UNIFIER_WRITER_GIVE_EUREKA', 'OtherPlayers', 0),
    ('BBG_QIN_UNIFIER_GENERAL_GIVE_INSPIRATION', 'GreatPersonClass', 'GREAT_PERSON_CLASS_GENERAL'),
    ('BBG_QIN_UNIFIER_GENERAL_GIVE_INSPIRATION', 'TechBoost', 0),
    ('BBG_QIN_UNIFIER_GENERAL_GIVE_INSPIRATION', 'OtherPlayers', 0),
    ('BBG_QIN_UNIFIER_GENERAL_GIVE_EUREKA', 'GreatPersonClass', 'GREAT_PERSON_CLASS_GENERAL'),
    ('BBG_QIN_UNIFIER_GENERAL_GIVE_EUREKA', 'TechBoost', 1),
    ('BBG_QIN_UNIFIER_GENERAL_GIVE_EUREKA', 'OtherPlayers', 0);

INSERT INTO TraitModifiers(TraitType, ModifierId) VALUES
    ('TRAIT_LEADER_QIN', 'BBG_QIN_UNIFIER_WRITER_GIVE_INSPIRATION'), 
    ('TRAIT_LEADER_QIN', 'BBG_QIN_UNIFIER_WRITER_GIVE_EUREKA'),
    ('TRAIT_LEADER_QIN', 'BBG_QIN_UNIFIER_GENERAL_GIVE_INSPIRATION'), 
    ('TRAIT_LEADER_QIN', 'BBG_QIN_UNIFIER_GENERAL_GIVE_EUREKA');
    
-- 02/07/24 Books give +1 food
INSERT INTO Modifiers (ModifierId, ModifierType) VALUES
    ('BBG_QIN_UNIFIER_BOOKS_GIVE_FOOD', 'MODIFIER_PLAYER_CITIES_ADJUST_GREATWORK_YIELD');
INSERT INTO ModifierArguments (ModifierId, Name, Value) VALUES
    ('BBG_QIN_UNIFIER_BOOKS_GIVE_FOOD', 'GreatWorkObjectType', 'GREATWORKOBJECT_WRITING'),
    ('BBG_QIN_UNIFIER_BOOKS_GIVE_FOOD', 'YieldType', 'YIELD_FOOD'),
    ('BBG_QIN_UNIFIER_BOOKS_GIVE_FOOD', 'YieldChange', 1);
INSERT INTO TraitModifiers(TraitType, ModifierId) VALUES
    ('TRAIT_LEADER_QIN', 'BBG_QIN_UNIFIER_BOOKS_GIVE_FOOD');

-- Strength from books try, it necessits the book to be moved at least once for it to work /:
-- INSERT INTO RequirementSets(RequirementSetId , RequirementSetType) VALUES
--     ('BBG_PLAYER_IS_QINUNIFIER', 'REQUIREMENTSET_TEST_ANY');
-- INSERT INTO RequirementSetRequirements(RequirementSetId , RequirementId) VALUES
--     ('BBG_PLAYER_IS_QINUNIFIER', 'BBG_PLAYER_IS_QINUNIFIER_REQUIREMENT');
-- INSERT INTO Requirements(RequirementId , RequirementType) VALUES
--     ('BBG_PLAYER_IS_QINUNIFIER_REQUIREMENT' , 'REQUIREMENT_PLAYER_LEADER_TYPE_MATCHES');
-- INSERT INTO RequirementArguments(RequirementId , Name, Value) VALUES
--     ('BBG_PLAYER_IS_QINUNIFIER_REQUIREMENT' , 'LeaderType', 'LEADER_QIN_ALT');
-- INSERT INTO Types (Type, Kind) VALUES
--     ('BBG_GREATWORK_COMBATSTRENGTH_ABILITY', 'KIND_ABILITY');
-- INSERT INTO TypeTags (Type, Tag) VALUES
--     ('BBG_GREATWORK_COMBATSTRENGTH_ABILITY', 'CLASS_ALL_COMBAT_UNITS');
-- INSERT INTO UnitAbilities (UnitAbilityType, Name, Description, Inactive) VALUES
--     ('BBG_GREATWORK_COMBATSTRENGTH_ABILITY', 'LOC_BBG_GREATWORK_COMBATSTRENGTH_ABILITY_NAME', 'LOC_BBG_GREATWORK_COMBATSTRENGTH_ABILITY_DESC', 1);
-- INSERT INTO UnitAbilityModifiers (UnitAbilityType, ModifierId) VALUES
--     ('BBG_GREATWORK_COMBATSTRENGTH_ABILITY', 'BBG_ABILITY_GREATWORK_COMBATSTRENGTH_MODIFIER');
-- INSERT INTO Modifiers (ModifierId, ModifierType, SubjectRequirementSetId) VALUES
--     ('BBG_ABILITY_GREATWORK_COMBATSTRENGTH_GIVER', 'MODIFIER_SINGLE_CITY_GRANT_ABILITY_FOR_TRAINED_UNITS', NULL),
--     ('BBG_ABILITY_GREATWORK_COMBATSTRENGTH_MODIFIER', 'MODIFIER_UNIT_ADJUST_COMBAT_STRENGTH', NULL);
-- INSERT INTO ModifierArguments (ModifierId, Name, Value) VALUES
--     ('BBG_ABILITY_GREATWORK_COMBATSTRENGTH_GIVER', 'AbilityType', 'BBG_GREATWORK_COMBATSTRENGTH_ABILITY'),
--     ('BBG_ABILITY_GREATWORK_COMBATSTRENGTH_MODIFIER', 'Amount', '1');
-- INSERT INTO GreatWorkModifiers (GreatWorkType, ModifierID) VALUES
--     ('GREATWORK_PUSHKIN_1', 'BBG_ABILITY_GREATWORK_COMBATSTRENGTH_GIVER');


-- 30/06/25 China leaders get different wall buffs
INSERT INTO Modifiers (ModifierId, ModifierType, SubjectRequirementSetId) VALUES
    ('BBG_QINSHIALT_WALL_PRODUCTION_ADJACENT', 'MODIFIER_PLAYER_ADJUST_PLOT_YIELD', 'BBG_PLOT_IS_WALL_NEXT_TO_WALL_REQSET'),
    ('BBG_QINSHIALT_WALL_PRODUCTION', 'MODIFIER_PLAYER_ADJUST_PLOT_YIELD', 'BBG_PLOT_IS_WALL_REQSET');
INSERT INTO ModifierArguments (ModifierId, Name, Value) VALUES
    ('BBG_QINSHIALT_WALL_PRODUCTION_ADJACENT', 'YieldType', 'YIELD_PRODUCTION'),
    ('BBG_QINSHIALT_WALL_PRODUCTION_ADJACENT', 'Amount', 1),
    ('BBG_QINSHIALT_WALL_PRODUCTION', 'YieldType', 'YIELD_PRODUCTION'),
    ('BBG_QINSHIALT_WALL_PRODUCTION', 'Amount', 1);
INSERT INTO TraitModifiers VALUES
    ('TRAIT_LEADER_QIN', 'BBG_QINSHIALT_WALL_PRODUCTION_ADJACENT'),
    ('TRAIT_LEADER_QIN', 'BBG_QINSHIALT_WALL_PRODUCTION');