--15/06/23 Tokugawa gets +1 gold per internal per district (instead of +2 basegame)
-- UPDATE Modifiers SET ModifierType = 'MODIFIER_PLAYER_ADJUST_TRADE_ROUTE_YIELD_FOR_DOMESTIC' WHERE ModifierId = 'TOKUGAWA_POSITIVE_DOMESTIC_GOLD_DISTRICTS';
UPDATE ModifierArguments SET Value=1 WHERE ModifierId='TOKUGAWA_POSITIVE_DOMESTIC_GOLD_DISTRICTS' AND Name='Amount';

UPDATE ModifierArguments SET Value=0.5 WHERE ModifierId='TOKUGAWA_POSITIVE_DOMESTIC_SCIENCE_DISTRICTS' AND Name='Amount';
UPDATE ModifierArguments SET Value=0.5 WHERE ModifierId='TOKUGAWA_POSITIVE_DOMESTIC_CULTURE_DISTRICTS' AND Name='Amount';

INSERT INTO Modifiers (ModifierId, ModifierType, OwnerRequirementSetId) VALUES
    ('BBG_TOKUGAWA_POSITIVE_DOMESTIC_SCIENCE_DISTRICTS_EDUCATION', 'MODIFIER_PLAYER_ADJUST_TRADE_ROUTE_YIELD_PER_SPECIALTY_DISTRICT_FOR_DOMESTIC', 'BBG_UTILS_PLAYER_HAS_TECH_EDUCATION'),
    ('BBG_TOKUGAWA_POSITIVE_DOMESTIC_CULTURE_DISTRICTS_HUMANISM', 'MODIFIER_PLAYER_ADJUST_TRADE_ROUTE_YIELD_PER_SPECIALTY_DISTRICT_FOR_DOMESTIC', 'BBG_UTILS_PLAYER_HAS_CIVIC_HUMANISM_REQSET'),
    ('BBG_TOKUGAWA_POSITIVE_DOMESTIC_SCIENCE_DISTRICTS_CHEMISTRY', 'MODIFIER_PLAYER_ADJUST_TRADE_ROUTE_YIELD_PER_SPECIALTY_DISTRICT_FOR_DOMESTIC', 'BBG_UTILS_PLAYER_HAS_TECH_CHEMISTRY'),
    ('BBG_TOKUGAWA_POSITIVE_DOMESTIC_CULTURE_DISTRICTS_RADIO', 'MODIFIER_PLAYER_ADJUST_TRADE_ROUTE_YIELD_PER_SPECIALTY_DISTRICT_FOR_DOMESTIC', 'BBG_UTILS_PLAYER_HAS_TECH_RADIO');

INSERT INTO ModifierArguments (ModifierId, Name, Value) VALUES
    ('BBG_TOKUGAWA_POSITIVE_DOMESTIC_SCIENCE_DISTRICTS_EDUCATION', 'YieldType', 'YIELD_SCIENCE'),
    ('BBG_TOKUGAWA_POSITIVE_DOMESTIC_SCIENCE_DISTRICTS_EDUCATION', 'Amount', 0.5),
    ('BBG_TOKUGAWA_POSITIVE_DOMESTIC_CULTURE_DISTRICTS_HUMANISM', 'YieldType', 'YIELD_CULTURE'),
    ('BBG_TOKUGAWA_POSITIVE_DOMESTIC_CULTURE_DISTRICTS_HUMANISM', 'Amount', 0.5),
    ('BBG_TOKUGAWA_POSITIVE_DOMESTIC_SCIENCE_DISTRICTS_CHEMISTRY', 'YieldType', 'YIELD_SCIENCE'),
    ('BBG_TOKUGAWA_POSITIVE_DOMESTIC_SCIENCE_DISTRICTS_CHEMISTRY', 'Amount', 0.5),
    ('BBG_TOKUGAWA_POSITIVE_DOMESTIC_CULTURE_DISTRICTS_RADIO', 'YieldType', 'YIELD_CULTURE'),
    ('BBG_TOKUGAWA_POSITIVE_DOMESTIC_CULTURE_DISTRICTS_RADIO', 'Amount', 0.5);

INSERT INTO TraitModifiers (TraitType, ModifierId) VALUES
    ('TRAIT_LEADER_TOKUGAWA', 'BBG_TOKUGAWA_POSITIVE_DOMESTIC_SCIENCE_DISTRICTS_EDUCATION'),
    ('TRAIT_LEADER_TOKUGAWA', 'BBG_TOKUGAWA_POSITIVE_DOMESTIC_CULTURE_DISTRICTS_HUMANISM'),
    ('TRAIT_LEADER_TOKUGAWA', 'BBG_TOKUGAWA_POSITIVE_DOMESTIC_SCIENCE_DISTRICTS_CHEMISTRY'),
    ('TRAIT_LEADER_TOKUGAWA', 'BBG_TOKUGAWA_POSITIVE_DOMESTIC_CULTURE_DISTRICTS_RADIO');