
--21/06/23 Varangian gets 50% toward holy site building
INSERT INTO Modifiers (ModifierId, ModifierType) VALUES
    ('BBG_VARANGIAN_HOLY_SITE_BONUS_PRODUCTION_BUILDING', 'MODIFIER_PLAYER_CITIES_ADJUST_BUILDING_PRODUCTION');
INSERT INTO ModifierArguments (ModifierId, Name, Value) VALUES
    ('BBG_VARANGIAN_HOLY_SITE_BONUS_PRODUCTION_BUILDING', 'DistrictType', 'DISTRICT_HOLY_SITE');
INSERT INTO ModifierArguments (ModifierId, Name, Value) VALUES
    ('BBG_VARANGIAN_HOLY_SITE_BONUS_PRODUCTION_BUILDING', 'Amount', '25');
INSERT INTO TraitModifiers (TraitType, ModifierId) VALUES
	('TRAIT_LEADER_HARALD_ALT', 'BBG_VARANGIAN_HOLY_SITE_BONUS_PRODUCTION_BUILDING');

-- Varangian levied unit gets +1 movement point
INSERT INTO Modifiers (ModifierId, ModifierType) VALUES
	('BBG_VARANGIAN_LEVIED_MOVEMENT', 'MODIFIER_PLAYER_UNIT_ADJUST_MOVEMENT');
INSERT INTO ModifierArguments (ModifierId, Name, Value) VALUES
	('BBG_VARANGIAN_LEVIED_MOVEMENT', 'Amount', 1);
INSERT INTO UnitAbilityModifiers (UnitAbilityType, ModifierId) VALUES
	('ABILITY_LEVIED_HARALD', 'BBG_VARANGIAN_LEVIED_MOVEMENT');
UPDATE Modifiers SET SubjectRequirementSetId='UNIT_IS_LEVIED_REQUIREMENTS_XP2' WHERE ModifierId='HARALD_LEVY_UNITS_GRANT_ABILITY';

-- 24/06/23 10 sci/cult per population when converted to religion
INSERT INTO Modifiers (ModifierId, ModifierType) VALUES
	('BBG_VARANGIAN_CULTURE_CONVERSION', 'MODIFIER_PLAYER_UNITS_ADJUST_INITIATION_YIELD_POPULATION'),
	('BBG_VARANGIAN_SCIENCE_CONVERSION', 'MODIFIER_PLAYER_UNITS_ADJUST_INITIATION_YIELD_POPULATION');
INSERT INTO ModifierArguments (ModifierId, Name, Value) VALUES
	('BBG_VARANGIAN_CULTURE_CONVERSION', 'YieldType', 'YIELD_CULTURE'),
	('BBG_VARANGIAN_CULTURE_CONVERSION', 'Amount', 10),
	('BBG_VARANGIAN_SCIENCE_CONVERSION', 'YieldType', 'YIELD_SCIENCE'),
	('BBG_VARANGIAN_SCIENCE_CONVERSION', 'Amount', 10);
INSERT INTO TraitModifiers (TraitType, ModifierId) VALUES
	('TRAIT_LEADER_HARALD_ALT', 'BBG_VARANGIAN_CULTURE_CONVERSION'),
	('TRAIT_LEADER_HARALD_ALT', 'BBG_VARANGIAN_SCIENCE_CONVERSION');