-- Wu Zetian get free Eureka and Inspi when finishing a building from gov plaza or diplo quarter
INSERT INTO Modifiers (ModifierId, ModifierType, SubjectRequirementSetId) VALUES
    ('BBG_WUZETIAN_FREE_EUREKA_GOV1_GIVER', 'MODIFIER_PLAYER_CITIES_ATTACH_MODIFIER', 'CITY_HAS_TIER_1_GOV_BUILDING'),
    ('BBG_WUZETIAN_FREE_EUREKA_GOV1_MODIFIER', 'MODIFIER_PLAYER_GRANT_RANDOM_TECHNOLOGY_BOOST_GOODY_HUT', NULL),
    ('BBG_WUZETIAN_FREE_EUREKA_GOV2_GIVER', 'MODIFIER_PLAYER_CITIES_ATTACH_MODIFIER', 'CITY_HAS_TIER_2_GOV_BUILDING'),
    ('BBG_WUZETIAN_FREE_EUREKA_GOV2_MODIFIER', 'MODIFIER_PLAYER_GRANT_RANDOM_TECHNOLOGY_BOOST_GOODY_HUT', NULL),
    ('BBG_WUZETIAN_FREE_EUREKA_GOV3_GIVER', 'MODIFIER_PLAYER_CITIES_ATTACH_MODIFIER', 'CITY_HAS_TIER_3_GOV_BUILDING'),
    ('BBG_WUZETIAN_FREE_EUREKA_GOV3_MODIFIER', 'MODIFIER_PLAYER_GRANT_RANDOM_TECHNOLOGY_BOOST_GOODY_HUT', NULL),
    ('BBG_WUZETIAN_FREE_EUREKA_CHANCERY_GIVER', 'MODIFIER_PLAYER_CITIES_ATTACH_MODIFIER', 'BUILDING_IS_CHANCERY'),
    ('BBG_WUZETIAN_FREE_EUREKA_CHANCERY_MODIFIER', 'MODIFIER_PLAYER_GRANT_RANDOM_TECHNOLOGY_BOOST_GOODY_HUT', NULL),
    ('BBG_WUZETIAN_FREE_EUREKA_CONSULATE_GIVER', 'MODIFIER_PLAYER_CITIES_ATTACH_MODIFIER', 'BUILDING_IS_CONSULATE'),
    ('BBG_WUZETIAN_FREE_EUREKA_CONSULATE_MODIFIER', 'MODIFIER_PLAYER_GRANT_RANDOM_TECHNOLOGY_BOOST_GOODY_HUT', NULL);
INSERT INTO ModifierArguments (ModifierId, Name, Value) VALUES
    ('BBG_WUZETIAN_FREE_EUREKA_GOV1_GIVER', 'ModifierId', 'BBG_WUZETIAN_FREE_EUREKA_GOV1_MODIFIER'),
    ('BBG_WUZETIAN_FREE_EUREKA_GOV1_MODIFIER', 'Amount', 1),
    ('BBG_WUZETIAN_FREE_EUREKA_GOV2_GIVER', 'ModifierId', 'BBG_WUZETIAN_FREE_EUREKA_GOV2_MODIFIER'),
    ('BBG_WUZETIAN_FREE_EUREKA_GOV2_MODIFIER', 'Amount', 1),
    ('BBG_WUZETIAN_FREE_EUREKA_GOV3_GIVER', 'ModifierId', 'BBG_WUZETIAN_FREE_EUREKA_GOV3_MODIFIER'),
    ('BBG_WUZETIAN_FREE_EUREKA_GOV3_MODIFIER', 'Amount', 1),
    ('BBG_WUZETIAN_FREE_EUREKA_CHANCERY_GIVER', 'ModifierId', 'BBG_WUZETIAN_FREE_EUREKA_CHANCERY_MODIFIER'),
    ('BBG_WUZETIAN_FREE_EUREKA_CHANCERY_MODIFIER', 'Amount', 1),
    ('BBG_WUZETIAN_FREE_EUREKA_CONSULATE_GIVER', 'ModifierId', 'BBG_WUZETIAN_FREE_EUREKA_CONSULATE_MODIFIER'),
    ('BBG_WUZETIAN_FREE_EUREKA_CONSULATE_MODIFIER', 'Amount', 1);
INSERT INTO TraitModifiers VALUES
    ('TRAIT_LEADER_WU_ZETIAN', 'BBG_WUZETIAN_FREE_EUREKA_GOV1_GIVER'),
    ('TRAIT_LEADER_WU_ZETIAN', 'BBG_WUZETIAN_FREE_EUREKA_GOV2_GIVER'),
    ('TRAIT_LEADER_WU_ZETIAN', 'BBG_WUZETIAN_FREE_EUREKA_GOV3_GIVER'),
    ('TRAIT_LEADER_WU_ZETIAN', 'BBG_WUZETIAN_FREE_EUREKA_CHANCERY_GIVER'),
    ('TRAIT_LEADER_WU_ZETIAN', 'BBG_WUZETIAN_FREE_EUREKA_CONSULATE_GIVER');

INSERT INTO Modifiers (ModifierId, ModifierType, SubjectRequirementSetId) VALUES
    ('BBG_WUZETIAN_FREE_INSPI_GOV1_GIVER', 'MODIFIER_PLAYER_CITIES_ATTACH_MODIFIER', 'CITY_HAS_TIER_1_GOV_BUILDING'),
    ('BBG_WUZETIAN_FREE_INSPI_GOV1_MODIFIER', 'MODIFIER_PLAYER_GRANT_RANDOM_CIVIC_BOOST_GOODY_HUT', NULL),
    ('BBG_WUZETIAN_FREE_INSPI_GOV2_GIVER', 'MODIFIER_PLAYER_CITIES_ATTACH_MODIFIER', 'CITY_HAS_TIER_2_GOV_BUILDING'),
    ('BBG_WUZETIAN_FREE_INSPI_GOV2_MODIFIER', 'MODIFIER_PLAYER_GRANT_RANDOM_CIVIC_BOOST_GOODY_HUT', NULL),
    ('BBG_WUZETIAN_FREE_INSPI_GOV3_GIVER', 'MODIFIER_PLAYER_CITIES_ATTACH_MODIFIER', 'CITY_HAS_TIER_3_GOV_BUILDING'),
    ('BBG_WUZETIAN_FREE_INSPI_GOV3_MODIFIER', 'MODIFIER_PLAYER_GRANT_RANDOM_CIVIC_BOOST_GOODY_HUT', NULL),
    ('BBG_WUZETIAN_FREE_INSPI_CHANCERY_GIVER', 'MODIFIER_PLAYER_CITIES_ATTACH_MODIFIER', 'BUILDING_IS_CHANCERY'),
    ('BBG_WUZETIAN_FREE_INSPI_CHANCERY_MODIFIER', 'MODIFIER_PLAYER_GRANT_RANDOM_CIVIC_BOOST_GOODY_HUT', NULL),
    ('BBG_WUZETIAN_FREE_INSPI_CONSULATE_GIVER', 'MODIFIER_PLAYER_CITIES_ATTACH_MODIFIER', 'BUILDING_IS_CONSULATE'),
    ('BBG_WUZETIAN_FREE_INSPI_CONSULATE_MODIFIER', 'MODIFIER_PLAYER_GRANT_RANDOM_CIVIC_BOOST_GOODY_HUT', NULL);
INSERT INTO ModifierArguments (ModifierId, Name, Value) VALUES
    ('BBG_WUZETIAN_FREE_INSPI_GOV1_GIVER', 'ModifierId', 'BBG_WUZETIAN_FREE_INSPI_GOV1_MODIFIER'),
    ('BBG_WUZETIAN_FREE_INSPI_GOV1_MODIFIER', 'Amount', 1),
    ('BBG_WUZETIAN_FREE_INSPI_GOV2_GIVER', 'ModifierId', 'BBG_WUZETIAN_FREE_INSPI_GOV2_MODIFIER'),
    ('BBG_WUZETIAN_FREE_INSPI_GOV2_MODIFIER', 'Amount', 1),
    ('BBG_WUZETIAN_FREE_INSPI_GOV3_GIVER', 'ModifierId', 'BBG_WUZETIAN_FREE_INSPI_GOV3_MODIFIER'),
    ('BBG_WUZETIAN_FREE_INSPI_GOV3_MODIFIER', 'Amount', 1),
    ('BBG_WUZETIAN_FREE_INSPI_CHANCERY_GIVER', 'ModifierId', 'BBG_WUZETIAN_FREE_INSPI_CHANCERY_MODIFIER'),
    ('BBG_WUZETIAN_FREE_INSPI_CHANCERY_MODIFIER', 'Amount', 1),
    ('BBG_WUZETIAN_FREE_INSPI_CONSULATE_GIVER', 'ModifierId', 'BBG_WUZETIAN_FREE_INSPI_CONSULATE_MODIFIER'),
    ('BBG_WUZETIAN_FREE_INSPI_CONSULATE_MODIFIER', 'Amount', 1);
INSERT INTO TraitModifiers VALUES
    ('TRAIT_LEADER_WU_ZETIAN', 'BBG_WUZETIAN_FREE_INSPI_GOV1_GIVER'),
    ('TRAIT_LEADER_WU_ZETIAN', 'BBG_WUZETIAN_FREE_INSPI_GOV2_GIVER'),
    ('TRAIT_LEADER_WU_ZETIAN', 'BBG_WUZETIAN_FREE_INSPI_GOV3_GIVER'),
    ('TRAIT_LEADER_WU_ZETIAN', 'BBG_WUZETIAN_FREE_INSPI_CHANCERY_GIVER'),
    ('TRAIT_LEADER_WU_ZETIAN', 'BBG_WUZETIAN_FREE_INSPI_CONSULATE_GIVER');