------------------------------------------------------------------------------
--	FILE:	 new_bbg_ethiopia.sql
--	AUTHOR:  iElden, D. / Jack The Narrator
--	PURPOSE: Database Civilization related modifications by new BBG
------------------------------------------------------------------------------
--==============================================================================================
--******				ETHIOPIA					   ******
--==============================================================================================
-- Delete Base Trait
DELETE FROM TraitModifiers WHERE TraitType='TRAIT_CIVILIZATION_ETHIOPIA' AND ModifierId='TRAIT_FAITH_RESOURCES';

INSERT OR IGNORE INTO RequirementSets
	(RequirementSetId , RequirementSetType)
	VALUES
	('PLOT_HAS_CAMP_FISH_PASTURE_PLANTATION_QUARRY_REQUIREMENTS' , 		'REQUIREMENTSET_TEST_ANY'),
	('PLOT_HAS_RESOURCE_FARM_REQUIREMENTS' , 		'REQUIREMENTSET_TEST_ALL');	
	
INSERT OR IGNORE INTO RequirementSetRequirements
	(RequirementSetId , RequirementId)
	VALUES
	('PLOT_HAS_CAMP_FISH_PASTURE_PLANTATION_QUARRY_REQUIREMENTS' , 		'REQUIRES_PLOT_HAS_PASTURE'),
	('PLOT_HAS_CAMP_FISH_PASTURE_PLANTATION_QUARRY_REQUIREMENTS' , 		'REQUIRES_PLOT_HAS_QUARRY'),
	('PLOT_HAS_CAMP_FISH_PASTURE_PLANTATION_QUARRY_REQUIREMENTS' , 		'REQUIRES_PLOT_HAS_FISHINGBOATS'),	
	('PLOT_HAS_CAMP_FISH_PASTURE_PLANTATION_QUARRY_REQUIREMENTS' , 		'REQUIRES_PLOT_HAS_PLANTATION'),	
	('PLOT_HAS_CAMP_FISH_PASTURE_PLANTATION_QUARRY_REQUIREMENTS' , 		'REQUIRES_PLOT_HAS_CAMP'),	
	('PLOT_HAS_RESOURCE_FARM_REQUIREMENTS' , 		'REQUIRES_PLOT_HAS_FARM'),
	('PLOT_HAS_RESOURCE_FARM_REQUIREMENTS' , 		'REQUIRES_PLOT_HAS_VISIBLE_RESOURCE');		
	
	
INSERT OR IGNORE INTO Modifiers
	(ModifierId , ModifierType, SubjectRequirementSetId)
	VALUES
	('TRAIT_FAITH_CAMP_FISH_PASTURE_PLANTATION_QUARRY_RESOURCES' , 		'MODIFIER_PLAYER_ADJUST_PLOT_YIELD', 'PLOT_HAS_CAMP_FISH_PASTURE_PLANTATION_QUARRY_REQUIREMENTS'),
	('TRAIT_FAITH_FARMED_RESOURCES' , 		'MODIFIER_PLAYER_ADJUST_PLOT_YIELD', 'PLOT_HAS_RESOURCE_FARM_REQUIREMENTS'),
	('TRAIT_FAITH_MINED_BONUS_RESOURCES' , 		'MODIFIER_PLAYER_ADJUST_PLOT_YIELD', 'PLOT_HAS_BONUS_MINE_REQUIREMENTS'),
	('TRAIT_FAITH_MINED_LUXURY_RESOURCES' , 		'MODIFIER_PLAYER_ADJUST_PLOT_YIELD', 'PLOT_HAS_LUXURY_MINE_REQUIREMENTS'),
	('TRAIT_FAITH_MINED_STRATEGIC_RESOURCES' , 		'MODIFIER_PLAYER_ADJUST_PLOT_YIELD', 'PLOT_HAS_STRATEGIC_MINE_REQUIREMENTS');	

INSERT OR IGNORE INTO ModifierArguments
	(ModifierId , Name, Value)
	VALUES
	('TRAIT_FAITH_CAMP_FISH_PASTURE_PLANTATION_QUARRY_RESOURCES'  , 		'YieldType', 'YIELD_FAITH'),
	('TRAIT_FAITH_CAMP_FISH_PASTURE_PLANTATION_QUARRY_RESOURCES' , 		'Amount', 1),
	('TRAIT_FAITH_FARMED_RESOURCES'  , 		'YieldType', 'YIELD_FAITH'),
	('TRAIT_FAITH_FARMED_RESOURCES' , 		'Amount', 1),
	('TRAIT_FAITH_MINED_BONUS_RESOURCES'  , 		'YieldType', 'YIELD_FAITH'),
	('TRAIT_FAITH_MINED_BONUS_RESOURCES' , 		'Amount', 1),
	('TRAIT_FAITH_MINED_LUXURY_RESOURCES'  , 		'YieldType', 'YIELD_FAITH'),
	('TRAIT_FAITH_MINED_LUXURY_RESOURCES' , 		'Amount', 1),
	('TRAIT_FAITH_MINED_STRATEGIC_RESOURCES'  , 		'YieldType', 'YIELD_FAITH'),
	('TRAIT_FAITH_MINED_STRATEGIC_RESOURCES' , 		'Amount', 1);

INSERT OR IGNORE INTO TraitModifiers
	(TraitType , ModifierId)
	VALUES
	('TRAIT_CIVILIZATION_ETHIOPIA' , 		'TRAIT_FAITH_FARMED_RESOURCES'),
	('TRAIT_CIVILIZATION_ETHIOPIA' , 		'TRAIT_FAITH_CAMP_FISH_PASTURE_PLANTATION_QUARRY_RESOURCES'),
	('TRAIT_CIVILIZATION_ETHIOPIA' , 		'TRAIT_FAITH_MINED_BONUS_RESOURCES'),	
	('TRAIT_CIVILIZATION_ETHIOPIA' , 		'TRAIT_FAITH_MINED_LUXURY_RESOURCES'),	
	('TRAIT_CIVILIZATION_ETHIOPIA' , 		'TRAIT_FAITH_MINED_STRATEGIC_RESOURCES');	

UPDATE ModifierArguments SET Value='10' WHERE ModifierId='TRAIT_FAITH_INTO_SCIENCE_HILLS' AND Name='Amount';
UPDATE ModifierArguments SET Value='10' WHERE ModifierId='TRAIT_FAITH_INTO_CULTURE_HILLS' AND Name='Amount';

-- Start Bias
DELETE FROM StartBiasTerrains WHERE CivilizationType='CIVILIZATION_ETHIOPIA' AND TerrainType IN ('TERRAIN_TUNDRA_HILLS', 'TERRAIN_DESERT_HILLS');
UPDATE StartBiasTerrains SET Tier=3 WHERE CivilizationType='CIVILIZATION_ETHIOPIA' AND TerrainType IN ('TERRAIN_GRASS_HILLS', 'TERRAIN_PLAINS_HILLS');